loss_reconstruction,loss_linearity
0.8141313311881099,0.03944662501710909
0.4282815868669157,0.0036154796023560995
0.3353410723541761,0.0028392062881392186
0.2820221527651871,0.002563247362578702
0.24025980804624888,0.0024708183856815818
0.20127818547688606,0.0025087513582626154
0.1663442088675563,0.002673419755783641
0.13702488229198045,0.0027051066396752968
0.11339251229654368,0.0027300581996436493
0.09461121476847109,0.0030128361533043892
0.07900760091102155,0.0030402342620962385
0.06626827687264768,0.0031585989784619125
0.05693111634606011,0.003155474472683592
0.04998630542937297,0.00319663659125147
0.045343540818617745,0.0031262124759387274
0.041583068379208485,0.002996729888788477
0.03813001768159163,0.002740857135204863
0.036113055597681146,0.002643590644139287
0.03398563721823948,0.002670947482295075
0.031991531343346626,0.0025029357534586067
0.031576081426269886,0.0028023326790694338
0.02985405472004861,0.0024640772874958954
0.0294611993827545,0.0025091988880976274
0.028546195771874755,0.0026308811817757644
0.02799977068027766,0.002606659687259022
0.02748933640725651,0.0026489700316813533
0.027118080447929793,0.002613742701302285
0.025826391112309038,0.002500223817026627
0.025687922416479592,0.002513909008948197
0.025318156398493226,0.0026031989178522904
0.024904990693599225,0.0025092288979701198
0.024241486279638458,0.002404361979813682
0.023786804606344043,0.0023140907643397837
0.02325108234368604,0.002387612491930977
0.0229418852813442,0.00235940731191713
0.022971586326771383,0.002338638928988524
0.02229429203167997,0.0023009683556065724
0.022003723737901083,0.0022923366988112717
0.021896033030972085,0.0023599799254899172
0.021491011060354857,0.0023062684986460704
0.0210011836251209,0.00221728747735554
0.02064657800059376,0.002201150745420589
0.020492929006469793,0.002076486193939504
0.02030428092996652,0.0021401095889438814
0.019883911517366328,0.002068011186599991
0.019931927563038333,0.002090968267465305
0.019632444634594164,0.0021429508169189134
0.01905373371538304,0.0021055653889790857
0.019193486982192493,0.002209251026195991
0.019452743541858792,0.0023852033227252656
0.01872234153324094,0.0021182204557373
0.01828676970031402,0.0020993120934634443
0.018066020982075312,0.0019288115528282327
0.018024971279198297,0.0018516880979426904
0.017735275454899103,0.0018139586071720991
0.017662665184996724,0.001840702507734778
0.0176262548393083,0.0019053039755846995
0.01710831102023735,0.001817885219823599
0.01696929946322064,0.0018230745620056788
0.016870849373832784,0.0017870899892834093
0.016818074122490735,0.0018027500373039185
0.016810592833217283,0.0019835943611146477
0.016400796106589545,0.0018704774600376273
0.016265429009561086,0.0018180931648976062
0.01630673216201425,0.0018193528153521606
0.015861402260733834,0.0018222940813852398
0.01599123209325382,0.001839722335512123
0.015830698358169668,0.001854769209519668
0.01585528512682576,0.001813223184274894
0.015553495512111737,0.0016544583917098574
0.015687860376214054,0.0018829392661258138
0.015585269199699244,0.001903870832437185
0.015371095386630888,0.002028208393566111
0.014885030744282714,0.0016897368515110087
0.014837618892258358,0.00160842564318394
0.014583144808842255,0.001634317208031547
0.014705383388610212,0.0015950502914216758
0.014648590161996936,0.0016787480899999193
0.014300298949468871,0.0015347648740324114
0.014501266675843949,0.00167329985012947
0.014294917285741974,0.0015963105816923422
0.014167050414047037,0.0016120073879287446
0.013918009546682758,0.0015717315421709367
0.013876320409710862,0.0016646387919111941
0.013690255936884369,0.0016162762322885062
0.01377695197384335,0.0015901442378105212
0.013761884545353079,0.0016495746801652254
0.01366339772989619,0.0016340131934759665
0.013428474589183568,0.0014539906530685962
0.013346382743871245,0.0014425444306840685
0.0132451093188879,0.0015336932538291964
0.013044349482188116,0.0015213632225508406
0.013103499114713145,0.0015262849229430385
0.013074927211766589,0.0014979462321890124
0.012860055828102472,0.0013971619578590241
0.012557681714841252,0.0014410324735834137
0.01257520609213184,0.0014799609575882535
0.012665622158540318,0.001459592792277921
0.012448074023960903,0.0014334852607788434
0.012683272529043877,0.0014636852128066661
0.012305007036525666,0.0014090957727105964
0.012199707134519441,0.0014514067109134897
0.012414075786262831,0.001475268919813639
0.012325777479974258,0.0015239066462439483
0.012049084983706155,0.001379201019522372
0.01199709296216514,0.0014890293687789254
0.012065419849837274,0.0016954749507077998
0.011947337560475512,0.001441398886439388
0.011700092907245933,0.0012904840831122993
0.011645273210595664,0.0012512920802301819
0.011587397859559142,0.0013095906480894632
0.011528936913861186,0.0012465006334459953
0.01184629645927662,0.0014017132843093044
0.011361806146580796,0.0013582664181418396
0.011260535900079053,0.0011801641912264475
0.011306004903351654,0.0013576823618480231
0.011273557939454315,0.001358509677163907
0.01129210760302582,0.0013635819197330254
0.010961853169983419,0.001162869107176677
0.010956292197947208,0.001251355579170341
0.010897175561207229,0.00115893988922518
0.010782855457998312,0.0011924766870178084
0.011021058254902709,0.0012304471695206401
0.010765498858594383,0.0012835593706548673
0.010662045934045282,0.0012128864871912284
0.010798706036390632,0.0013852442799500582
0.010555371994167647,0.0012074586239034166
0.010775928949842344,0.0011612426328233096
0.010472937112539287,0.0011983617241981242
0.01041931222784695,0.0012201930242702963
0.0102666390076,0.001242870464764945
0.010342071347198282,0.0011843469584717767
0.010232698696667963,0.001212833544124547
0.010222080772887446,0.0013699861564523672
0.010079093959092615,0.0012363410712751602
0.010065451499084685,0.0011285498536044566
0.010096099122799433,0.0012826124254873787
0.010131841433052242,0.001278194349013199
0.010054579945955296,0.0011692075024486268
0.010039194819115442,0.0011505061470598842
0.009924667038462917,0.001191258007734165
0.009952673101772731,0.0011874415508181795
0.009905427359743669,0.0011964694107757835
0.009644304107545049,0.001144210577957412
0.009579925298511023,0.0010964175946536116
0.009754770298066472,0.0012836321704926084
0.009579760651665941,0.001073339278622463
0.00960290229732006,0.0011049396941755416
0.009597939538991643,0.0012194284229494392
0.00950783939817396,0.0010941332947692506
0.009373211271901074,0.0011142966662559797
0.00939539066658183,0.0010610278700503343
0.009247739075236122,0.0011498445963946447
0.00938037064315966,0.0011068340856737978
0.009347939272049126,0.0011634566671659436
0.00920643899639714,0.0012020587951728908
0.009253030729008184,0.0012473910456322302
0.009093587948433835,0.0010811333310785367
0.009096002147530502,0.001079570582409916
0.009341987572740214,0.0012717165200204536
0.009054735372836725,0.0011568714248299868
0.00908061192962703,0.0010719448668213096
0.008874069750758422,0.0010821934082188291
0.00879606237914663,0.0010325977355291713
0.009086755594992686,0.0011984337531354768
0.008958747223439069,0.0010655779863118467
0.008868601985884975,0.0010447833031957754
0.008730562743368801,0.0010579209152082275
0.008673366683537775,0.0010844477005714885
0.008653116384995527,0.000989437900154649
0.008506289863055098,0.001059208462425525
0.008600517132396911,0.0010733153851579216
0.009014893195844049,0.001167630126335266
0.008469517903287593,0.0009582635219990408
0.008453796781229988,0.0010497523907100127
0.008565804075909124,0.0012293224376357902
0.008440039799755923,0.0010202957077536123
0.008410125786074045,0.0009710688988837956
0.008247382599291149,0.0010336584888458573
0.008303304053044032,0.0009947290415276372
0.008338438088558714,0.00102924133753017
0.008396737101480325,0.0011009923113764692
0.008312905620503921,0.0009824264179428305
0.008482423267669317,0.0012115992692451494
0.008123280726443107,0.0009514595548579864
0.007966816311717114,0.0008955622068793581
0.008072599934678695,0.0009642485232684192
0.00804953694583264,0.0011519551910422544
0.00812691761475386,0.0009710862789422913
0.008071574707073596,0.0010670625335342143
0.008026141960463478,0.0009434535429499614
0.00793836379783283,0.0009964737641979659
0.007921802140922153,0.0009770964969251675
0.007878918319331338,0.0009692367992579847
0.007928749844781435,0.0009176489680471153
0.007828303001042026,0.0008622568283896723
0.007869906817130925,0.0011041841485934587
0.007747882687494199,0.0009248664675357854
0.007606655819935789,0.0009098544055327583
0.007805018041572526,0.0009146457665659807
