loss_reconstruction,loss_prediction,loss_linearity,loss_eigvalue,lin_dyn_weight
0.5412322175726494,0.5482904512345311,0.014531380125852814,0.6551167386466632,0.0005701950867660344
0.19665085853903927,0.21426195960901379,0.10882974739608432,0.5633196106864684,0.030047621577978134
0.10154041232436337,0.1206913388886017,0.250199347914224,0.4917964245774471,0.13917194306850433
0.07962508323844572,0.08911795608559499,0.1274010042282915,0.4406752392210206,0.21088501811027527
0.07207581518722284,0.08030488078380078,0.1000152095732836,0.4015314280187796,0.24421466886997223
0.06753500050617926,0.07513833718109707,0.11109424397429257,0.36707162265803156,0.26622676849365234
0.0633945136103809,0.06951633869762715,0.08214695760655659,0.33560248146747457,0.288401335477829
0.0605773683887065,0.06705020890438844,0.07560993311552196,0.31251622556681286,0.3052748143672943
0.05824031654855202,0.06299314187495063,0.05774037742702635,0.2895230976090674,0.3195648491382599
0.05807222086366955,0.06840184380877114,0.11912068237248438,0.2698031393836075,0.3213016986846924
0.05508466901871858,0.0606668451775974,0.07375971231879241,0.24778615837122736,0.3408009707927704
0.05296689568551872,0.05796197501208444,0.058231818382366095,0.23192337243230987,0.3538579046726227
0.05186337320478608,0.059468446314414766,0.11016210353366492,0.21840992334221387,0.3620484471321106
0.04964161987838413,0.05367677410110711,0.04666839408670769,0.20938857986364542,0.37820279598236084
0.04997478057967434,0.054647652916710115,0.05114139651944586,0.19483859605348142,0.37648263573646545
0.0481896792555942,0.05191990102943402,0.04569676374622069,0.18498663064941323,0.38959944248199463
0.04654051351483322,0.053290262448803666,0.08037173817927971,0.1760000570929402,0.40278908610343933
0.04528162953001884,0.04997560184139349,0.07252934577078346,0.16789255716685636,0.41159024834632874
0.04325464718423325,0.047788451348329035,0.06641098059434195,0.16057631469284242,0.4281536340713501
0.04354176899023734,0.04971996717774197,0.06658377730095355,0.1531405320276204,0.42681241035461426
0.042005018538348475,0.04686390808296587,0.06090755387141941,0.14721071036986946,0.4386049807071686
0.042163441082507615,0.04977042823230932,0.07642977257276667,0.14012135217720317,0.4381747841835022
0.04143727233198948,0.04863147815095196,0.08810313272691923,0.13353929704619477,0.44418951869010925
0.039747160772016475,0.04483204202142222,0.06031234836051036,0.12808712821543697,0.4587598741054535
0.03930280799041165,0.043989273002895526,0.07737864484016761,0.12322757157419706,0.4627406597137451
0.038063260584310615,0.0413754082886607,0.04087987859750881,0.11776643506083986,0.4743242561817169
0.037058403590649124,0.04031091219877909,0.03609492977576745,0.11380979776302547,0.4837019443511963
0.03575621425466308,0.039631903096634,0.040982389273296733,0.1102589268147466,0.495990127325058
0.03440388156245924,0.03831408657233453,0.04133739980092477,0.1051259380003722,0.509036123752594
0.03365749738930697,0.0382492829204085,0.05795533949604143,0.10095444123882391,0.5173052549362183
0.032263059608498464,0.03575656843688788,0.043856552210274395,0.09684771051675321,0.5306849479675293
0.033211189104948226,0.041971575613595526,0.0792253942206382,0.0938728259771503,0.5217293500900269
0.033081044640202305,0.03804650691015791,0.07987344056248026,0.09168497211332295,0.5232877135276794
0.03096466495508163,0.034303337455435026,0.03807995845651099,0.08710852005686262,0.5455304980278015
0.03034437312457421,0.03337954083612393,0.03461863378177699,0.08521339255347649,0.5507354140281677
0.029323475495300406,0.03149163202150418,0.026175408791401112,0.0816426006502824,0.5623810291290283
0.028328230809270535,0.03092744566959606,0.02878706404394982,0.07818848302153417,0.5723195672035217
0.02795463075346985,0.03133430503728243,0.04511839341142542,0.0753823856526022,0.5770481824874878
0.02760389386289241,0.030441287725205077,0.06274142895323341,0.07331658442362383,0.5813104510307312
0.027214463076107302,0.029609943273160157,0.04266526627956063,0.07020516911316813,0.5859687328338623
0.02702833079900243,0.029922626218471388,0.03438143879574681,0.06860528597683115,0.5879177451133728
0.026940915708607387,0.029119399333767212,0.024987921935204046,0.06572186789068396,0.5891633629798889
0.02583457403204556,0.02982718866048805,0.06275774821659036,0.06453734131944404,0.6013678312301636
0.025998661724036566,0.03011825129929081,0.05439613183246221,0.061834126141611434,0.5997396111488342
0.025336353487807047,0.02768175826775005,0.03213204786021652,0.059366938266054235,0.6079162359237671
0.02468517314812453,0.027015249127517117,0.04814689362236865,0.056422013339983555,0.6148115992546082
0.023739713251630677,0.025737375680147483,0.02633075069276561,0.05598291962459963,0.6266782879829407
0.024186031703135602,0.026239307172816178,0.02216079445111368,0.05391268312291869,0.620966911315918
0.023545291564419826,0.025472501337767926,0.020605451839379268,0.052071801429219924,0.6293790936470032
0.02306285519502438,0.025026988777414404,0.0222353369456993,0.04981218176536841,0.6348894834518433
0.022897017825065286,0.024933701241264074,0.027059514270271437,0.04924964131762451,0.6372576951980591
0.02232704268663562,0.024901512216267255,0.029213628309701468,0.047268125370903885,0.6440466642379761
0.022626030096539542,0.024896340934065328,0.03250291502607572,0.04567727183888169,0.6405934691429138
0.022986157634982154,0.026732173326347853,0.03854225603389197,0.04415590095336252,0.6366062164306641
0.022723334754040668,0.026113909332146593,0.03907523687739155,0.04258560307383857,0.6394680142402649
0.021448892905768856,0.023807020852936497,0.027548453678194702,0.041870650373419235,0.6549628376960754
0.02129236075417925,0.02339615117029434,0.02349753075606382,0.04029521882414178,0.6572685837745667
0.020725069332857872,0.02293872758846021,0.024355544613789137,0.039582002957928276,0.6643434762954712
0.02083583448791312,0.022950938086327536,0.020149816708993816,0.03803391094461842,0.6633625030517578
0.020879288880658854,0.023215795115595208,0.02284429435326091,0.037067901657709484,0.6627951860427856
0.02014224739850127,0.023206425935589275,0.028078816701276054,0.036645820893686835,0.6718944311141968
0.020408379473291518,0.02328399885895265,0.031119064852375606,0.03530168796492486,0.6687440276145935
0.02102694857176443,0.023379604059993103,0.021472552646420916,0.03369143406483507,0.6632595062255859
0.019922581121784914,0.02215830488854535,0.021970338397846626,0.03354521537693991,0.6751766204833984
0.020096620020454117,0.022871803761966746,0.02659583544663226,0.03317481564512681,0.6742067933082581
0.020447899677338774,0.02320782885694472,0.025406693305630466,0.03191064259202167,0.6687675714492798
0.0193374708429698,0.02150047152994785,0.019390236446509092,0.0312342842386651,0.6831631064414978
0.01876646605877071,0.020365579772850462,0.01658545396023557,0.030643950553546004,0.690427303314209
0.018465714998563237,0.020473856216760965,0.020208281012946097,0.029666468496097317,0.6943525671958923
0.018234649775474863,0.0207192104649368,0.045128754457463845,0.029058759727442873,0.6977137923240662
0.018448184546452744,0.021026198742237073,0.030341236437633434,0.028464699928067005,0.6946578621864319
0.017817589277076978,0.019429834989016882,0.013355700284162731,0.028006412133814183,0.7031147480010986
0.017689368812412263,0.019385097795553086,0.01407378157176297,0.027468055142114693,0.7050057053565979
0.017996600976378604,0.019937315354018843,0.01883982079997459,0.026918387679687773,0.7010251879692078
0.017420113216536293,0.019344039773193985,0.01641766730466253,0.0260055788390678,0.7085795998573303
0.01727588858015975,0.018868247111984617,0.012745755345088707,0.026368640982433553,0.7108420133590698
0.017469073907939104,0.01941306824888285,0.013384671824367532,0.025947059007815958,0.7088139653205872
0.01790898240573365,0.020348038359597604,0.01683374894807869,0.024831854615949753,0.7026333808898926
0.017379198577904188,0.019364271737415412,0.014252206949821745,0.025032054647883207,0.709854006767273
0.0170358194228032,0.01875190228603321,0.01298865055710317,0.02459229558366713,0.7146071195602417
0.016544240833966727,0.018185979114900327,0.010451543122410135,0.023596105138314314,0.7215736508369446
0.016534913104057473,0.018218383907113254,0.013713536526877982,0.02317641297949543,0.7213190197944641
0.016491773028935407,0.018511231034874277,0.01820215981218954,0.022995184332971277,0.7224586606025696
0.016796037859355795,0.01955837354153874,0.022365986938830514,0.022742695487216715,0.7176937460899353
0.016525426654809282,0.018524910290862857,0.014611929767433024,0.02234700113415079,0.721913754940033
0.016368936634954593,0.018163804371838756,0.010993847069168219,0.02233411767207905,0.7236610651016235
0.016553010394542052,0.018552643861172186,0.012530208235711418,0.022045977783187145,0.7219969034194946
0.016305737462064537,0.018689502435099665,0.013076960333890154,0.021594773373758824,0.7248905897140503
0.01606564728628055,0.018381727921798947,0.01469686310788262,0.021616722614412012,0.7278528213500977
0.015922377867269612,0.018487220073253634,0.016901365006916805,0.021722941437171867,0.7304263114929199
0.0157217329802446,0.017827126224982195,0.015247716312483952,0.021206833514567196,0.7333027124404907
0.01573134477102964,0.0177165112051184,0.010391681548707368,0.020579261051106388,0.7331799268722534
0.015429507791197013,0.0172049176801825,0.010666793645496902,0.020208724841835033,0.7374621629714966
0.015436451612464864,0.017676715746561898,0.011168587813029021,0.020178823959052402,0.7371808886528015
0.015224857358187037,0.017078894115584945,0.011099514396656454,0.01984788095154088,0.7402039170265198
0.014829268099755129,0.016194918837108656,0.008085600773356955,0.020133041566981865,0.7457051277160645
0.014768911176049037,0.016289849663228197,0.00801866035346671,0.01993858188530555,0.746692955493927
0.014473092769729547,0.015672479039582427,0.007194818662923958,0.019209138751928832,0.750714123249054
0.014411133576693868,0.015905749956620283,0.007574953538323216,0.019397884697201426,0.7519013285636902
0.014596118596719512,0.016588523579466757,0.010827029202552886,0.019150385800399506,0.7491264343261719
