loss_reconstruction,loss_prediction_1,loss_prediction_2,loss_linearity_2,loss_linearity_3,lin_dyn_weight
1.0303608647928941,1.0328256709463643,1.0348624735070555,1.7415739847227075e-08,3.8272549757344705e-08,1.76223036163492e-08
0.7293668782951048,0.7299136437025646,0.7320115934282341,1.5330937009558884e-07,3.210061200454049e-07,8.398799877795682e-07
0.5925666857085772,0.5938822195833962,0.599396904682953,2.498428172517049e-06,4.495523994317397e-06,9.443107956030872e-06
0.5039712547455858,0.505268861143381,0.5095314691530778,1.6021897376439966e-05,2.9028455168946378e-05,4.829236422665417e-05
0.4417529563775799,0.44333354098684835,0.44687330546795123,5.131750527750576e-05,9.434516494781179e-05,0.0001573352055856958
0.3972002092623871,0.39890293562972307,0.40185785101564137,0.0001192991549911715,0.00022183229471713106,0.000371226022252813
0.36335864615120345,0.3658095491012471,0.36861684018333485,0.00021348020199361264,0.0003944846876465634,0.0007219286053441465
0.33533710649349546,0.33817991730350777,0.34121156826915355,0.0003482590441985818,0.0006407164074730553,0.001252430840395391
0.31076443671380116,0.31381463716494157,0.3169489393298258,0.0005473689076134422,0.0010011559552294295,0.0020401913207024336
0.28778468814472224,0.2909739708740439,0.2942465705359542,0.0008025193024401697,0.001466411302153696,0.003215863835066557
0.2665480323285864,0.2697172734561383,0.27303110801133534,0.0011071916282076964,0.0020427972078323363,0.004907621070742607
0.24606958921723718,0.24941854828956142,0.25282617255345285,0.0014333148730681247,0.0026464490182447754,0.007386083249002695
0.22692650052525054,0.2302459259161213,0.23360572085284548,0.0017753115561384483,0.0032848780737227243,0.010810830630362034
0.2088584604279307,0.2124126896762208,0.21589218770097565,0.002101574828160689,0.003872684134332926,0.015496575273573399
0.1921552947703624,0.1957957410172328,0.1993800220873532,0.0023777636130584167,0.0043842061304006,0.021610582247376442
0.17734416063199906,0.1809855992362003,0.18454155489902369,0.0026133646951025766,0.0047759825851293215,0.0290208887308836
0.16427747449218827,0.16783411742856838,0.17147339574442613,0.002911579078875932,0.005263796093679915,0.037658147513866425
0.15182184522984013,0.1554822212897691,0.15917065351601414,0.0030092112720012665,0.005430558873903031,0.04829025641083717
0.14062668363119932,0.14426332512157874,0.14788152147459505,0.0030446955321619174,0.005413017676980703,0.06034690886735916
0.13030178262883385,0.13394742764082532,0.1376036704786672,0.0031247078322324175,0.005487737639638402,0.07416324317455292
0.12083871379594675,0.12444722860451513,0.12800814481389602,0.0031277741936829267,0.00540328204331782,0.08955197781324387
0.11235975287104613,0.11596125164288003,0.11951349229620607,0.0033887947140724068,0.005728563791353431,0.10614404082298279
0.10388305385240773,0.10752751683228767,0.11113735661410645,0.0032728835640337644,0.005478708316015717,0.12560684978961945
0.09616535037955981,0.09964992463988746,0.10326366552570522,0.00331995394705926,0.005492698836246593,0.14655280113220215
0.08897148043717314,0.09248229273213636,0.09607326688382449,0.003291125115532203,0.005359789314086005,0.16920442879199982
0.08223448967773642,0.08574391731479825,0.08926655030090537,0.003334415381486784,0.00538002924631106,0.19356222450733185
0.07591942858775991,0.07946749197556668,0.08298021754962485,0.0032085515008676772,0.005152206512905607,0.21954360604286194
0.07038015295195099,0.07372490143615927,0.07711150614207223,0.003353898822261183,0.0053134657542577525,0.2452642023563385
0.06519037605132033,0.0685092357981125,0.0718575249582329,0.0034822543345441755,0.00546217893794079,0.27201512455940247
0.060258682407188735,0.06360002500098824,0.06689665741568444,0.0035430045435892654,0.0055771626182050515,0.3002620041370392
0.05548470485830467,0.0587677510792777,0.062078687808657655,0.0032731839649429257,0.005215584061689825,0.3302617371082306
0.05155502258231176,0.05471168908496831,0.057874833337412585,0.003264744312271176,0.005173107356633116,0.35720521211624146
0.048005493840315196,0.05101490656801518,0.05408153585939599,0.0034181674954875205,0.005388746425609461,0.38346028327941895
0.04444814839419103,0.04753643586331566,0.05058251587336495,0.003276180770973231,0.005187309668368141,0.41169795393943787
0.041566591914868195,0.044515824557950834,0.047470476883369805,0.00334739955329655,0.0053011713762011305,0.4360682964324951
0.038903864963142666,0.04177688380215792,0.044752271063375794,0.003262471042623456,0.005160731197203566,0.4598829746246338
0.036466904349575106,0.039308615178869875,0.04215254783630371,0.003226012116510596,0.005101421070378899,0.48284322023391724
0.034198193912138075,0.03701736446995063,0.039821582192542566,0.003106168417522571,0.004968231321381243,0.5052028298377991
0.03238913833894986,0.03509811242954843,0.03785717843362949,0.0030758226877890976,0.00489062198856533,0.5238012075424194
0.030724647906202596,0.033357402662302825,0.0360593369743168,0.003103359311119022,0.004958764138637773,0.5415306091308594
0.02925411005498179,0.03185049259422609,0.03445647346893413,0.0030899437106895766,0.0049597625364393196,0.5576513409614563
0.028050010271320407,0.03061289159243539,0.0331772295820633,0.003206526368056368,0.005058765416377343,0.5712218880653381
0.026564113973271127,0.02911997669495192,0.03170878103115415,0.002956566607092051,0.0048180203059775715,0.588433563709259
0.025332648207077244,0.027841889458214676,0.030419068608508015,0.002712879889963457,0.004510304961828577,0.6030851602554321
0.024543560633823375,0.026980341020846527,0.029497842340661374,0.0028127181099965267,0.004609335138893767,0.612665593624115
0.02386546828252757,0.026247108322661996,0.028680059973825545,0.002855994407362586,0.004640719599571804,0.6210302710533142
0.023176063189670543,0.025485949748314467,0.027909252507574606,0.002823246822961225,0.004704331646629628,0.6296431422233582
0.02219929977401391,0.02447710781289427,0.026881825983924353,0.0026690301729128665,0.004477739424113459,0.6420215964317322
0.021555383140908792,0.0237541103323034,0.02613076971681326,0.0025102020410083282,0.004263054229469107,0.6503121256828308
0.021046961448936655,0.023201110018979784,0.0255126600497521,0.0025196146419984382,0.004197340583641257,0.6569570302963257
0.020498600842168667,0.02264240628120883,0.024904749517472798,0.002493613358312005,0.0042014422132664875,0.6641703844070435
0.020152127050213367,0.0222042171947108,0.024406045935297972,0.0024606442216458736,0.004184683192296316,0.6688001155853271
0.019868097909344924,0.021790012497229862,0.02396390514085757,0.002560629688153331,0.0042802420538543854,0.6726065278053284
0.01941975857937496,0.021352393975193867,0.023478953490321267,0.002552184217528209,0.004245339173998609,0.6786637306213379
0.018871279380865545,0.02083130358849596,0.02300263783275681,0.0024183752277753497,0.004166770366414281,0.6861346364021301
0.018371901483643774,0.020307173904956587,0.022518559350263354,0.0022600531453054224,0.00393540622703981,0.6929721236228943
0.018097147623064535,0.019990141359751655,0.022178059316321507,0.0021838081163047945,0.0037918590559255358,0.6967875957489014
0.017775702674016857,0.019651791693380216,0.021757339291124535,0.0021744409688567155,0.0038047590111726084,0.7012615203857422
0.017637864285267438,0.019455849884340428,0.021523697464258078,0.0022079787148325237,0.003842300506646201,0.7031973600387573
0.017383846025538923,0.019133624054441516,0.02119734787300929,0.002202508613567224,0.003818371591952023,0.7067709565162659
0.01703509563367639,0.01872620928607531,0.020750426846062577,0.0021328751822846047,0.0037523290454941306,0.71169513463974
0.017007681629901763,0.01863658854225338,0.020602096027175852,0.0022241822850184154,0.0037997696223675006,0.7120975852012634
0.01679811452909204,0.01839851837030193,0.020397003485052377,0.00220063016718666,0.0037965586821504887,0.7150745987892151
0.016457415024606174,0.01801285447690311,0.020003904772284847,0.002073789407942919,0.0036502397000389613,0.7199566960334778
0.016124084121828912,0.017708569125041065,0.01968734224370662,0.00196198828818414,0.0035194159254131703,0.724738597869873
0.016085274765055453,0.017607934522948808,0.019506818796164237,0.002040264457964257,0.003566466611903786,0.7253081202507019
0.01592724346024478,0.0174010039575948,0.019274326158849987,0.0020534670617956443,0.003556297014423665,0.7275943756103516
0.01592703257381116,0.017309596574546508,0.01917748583243197,0.0021256681281648228,0.0036499260005934927,0.7276046872138977
0.015635126289105256,0.017053140789870448,0.018920491825814217,0.0020170821239484235,0.003571385175189716,0.7318441271781921
0.015459113119282579,0.01686967969340766,0.018733757014242593,0.0019553357572763557,0.0035058749652148893,0.7344108819961548
0.015268600324556332,0.016681681663397976,0.018493372061908646,0.0019759061777551703,0.0035193996891479365,0.7372117638587952
0.015144312145475973,0.016494083644559718,0.018286988739199286,0.0019516347613710685,0.0034470494911574678,0.7390354871749878
0.014943358549635683,0.01629423041071668,0.018125051340000743,0.0018372111522511347,0.003341732609191997,0.7420023679733276
0.014700207166723756,0.016007868655576,0.0177909207624077,0.0017785066401198406,0.0032528145251258106,0.7456074953079224
0.014779080235518065,0.01603561485773765,0.017813142274050106,0.0018283165716284874,0.0033004135843491393,0.7444389462471008
0.014753216888830566,0.01594693944758217,0.017658774924758296,0.001974586177392294,0.003446097256953284,0.7448300123214722
0.014415375405810024,0.01564778511556203,0.017372175551100866,0.0017995281782526298,0.0032730689509803015,0.7498539090156555
0.014232801643493992,0.015462305761823718,0.017196893532004133,0.0016959386383927108,0.0031722798868513745,0.7525919675827026
0.014132714780335058,0.015355081986260894,0.017057781391495826,0.0017141795248393245,0.0031768549958731502,0.7540886402130127
0.014030234679429723,0.015235817552412916,0.016937548742198303,0.0017317841092012072,0.0031808777143491193,0.7556298971176147
0.013854550575249947,0.01501651628305448,0.016687141988901484,0.001712573469685228,0.00314461367842335,0.7582799196243286
0.013782118430873692,0.014908222364099234,0.016570891009881194,0.0016968911551189102,0.0031281692719699553,0.7593819499015808
0.013799658627718087,0.014899737642915457,0.016534339461550616,0.0017872503914889073,0.003231048713994506,0.7591068744659424
0.01378233226878731,0.014809291634783648,0.0164279307295012,0.001855996166099638,0.003332227133464493,0.7593826055526733
0.01370411908391538,0.014706945219295936,0.016280679994781545,0.0018054107891633208,0.003275037734400506,0.7605629563331604
0.013452912268272582,0.01450028567506163,0.01611217954414803,0.001722804161926244,0.003156283612819326,0.7643672823905945
0.013348897569031523,0.014370956756924623,0.015959520067944623,0.0017123205374751315,0.003176572398851382,0.7659756541252136
0.013247590745805494,0.014260609237939719,0.01581985514435992,0.001753265698184103,0.003203608625687209,0.7675260901451111
0.01313028253314879,0.0141291757157985,0.01569197707928267,0.0017620884957129522,0.0031834863676320786,0.7693063616752625
0.013167582191026851,0.014112739334970512,0.01565208063029603,0.001779071001598499,0.003184147189127519,0.7687384486198425
0.013034556641074635,0.0139696069611799,0.015505645559138099,0.0017107687202976053,0.0031314427670616433,0.7707716226577759
0.012909280811280212,0.013851357826450528,0.015403201176016122,0.0017567103541137389,0.0031723024361085574,0.7727068662643433
0.012720402757693457,0.013628106039242456,0.015171576686353492,0.0017068378577296366,0.003104244377589066,0.7756279706954956
0.012503970901938093,0.013435182455402093,0.014945625978828276,0.001607398588785389,0.0030123036979828907,0.7789803743362427
0.012346578709431143,0.013259383926055576,0.014790574596232215,0.0015090801471831815,0.0028997381461546724,0.7814352512359619
0.012274118302852516,0.013153054170160485,0.014642292001103395,0.0015165664655650223,0.0028673331959535612,0.7825478911399841
0.012306460666926516,0.0131612602096276,0.014641464736637654,0.0015436812535228345,0.002891968200670793,0.7820548415184021
0.012336277794217903,0.013183002893956715,0.014626416243962794,0.0015980523654678524,0.0030095131455251836,0.7815862894058228
0.012234636942462233,0.01305878222388709,0.014467159493657566,0.001637128964316525,0.003016393084154033,0.7831733226776123
0.012198971713199312,0.013032072762514921,0.014463358037423768,0.0015958207040625131,0.00297762561314458,0.7837268710136414
0.012056002864651631,0.012864286557539998,0.014298525932651239,0.0016177285012582805,0.0030413207041737216,0.7859678268432617
0.011848026981589778,0.012651065922023466,0.0140952340708483,0.0015634323389038143,0.0029512337490216196,0.7892364263534546
0.011786906152413595,0.012558134290195951,0.013987391147037481,0.0015437434383686758,0.0028954088337869452,0.7901971936225891
0.011686417710461073,0.012452663911269014,0.01386212409542711,0.0014942713781891253,0.0028323074490231954,0.7917832136154175
0.01157343735255851,0.01231761918771987,0.01372012347983034,0.001454412267112092,0.0027795891433754225,0.793565034866333
0.011561329195263401,0.012259420462502729,0.013639422171067872,0.0014869204378568086,0.0028252916648083886,0.7937635183334351
0.011570307731178384,0.012284865415336303,0.013664822940458387,0.0015732844566438823,0.0029382205249479155,0.7936108708381653
0.011568382138623887,0.012280716732044348,0.01363581222975814,0.0016593109028751418,0.0029781454361525158,0.7936469316482544
0.011418948633808818,0.012119654121014897,0.013501021786024107,0.0015862440902914777,0.002930848802996162,0.7960160970687866
0.011283552505375955,0.011975475365683537,0.013316301571442778,0.001481157212499404,0.0028213429520994224,0.7981665730476379
0.011179177314293064,0.011831634906714395,0.013166190543830794,0.00144039540232828,0.0027888507550994823,0.799838662147522
0.011095672320799539,0.011748211955864157,0.013075741685476878,0.0014565462034020647,0.002786993845397194,0.8011595010757446
0.010946537628019816,0.01160620298961665,0.012934889909405035,0.0014263763823765237,0.002750208093816002,0.8035497069358826
0.010877547828143075,0.011538553987973488,0.012855340600413764,0.0014063985918292264,0.002725343851235089,0.8046654462814331
0.01101143535026568,0.011626104110439352,0.012922377634368487,0.0015339391018520266,0.0028459465693707435,0.8025310039520264
0.010877068604548906,0.011483042232142198,0.012758057079459198,0.0014771460661752113,0.0027832928844946344,0.804673433303833
0.010722561929399936,0.011361871999782204,0.012645688072947048,0.0013822417531237506,0.0026951927391674693,0.807155966758728
0.010716288478032455,0.011316404506664149,0.01258623873027379,0.0014111227337145966,0.0027043752147247325,0.8072572946548462
0.010557060089937393,0.01118477443920686,0.012440314018886362,0.0014096364903970053,0.0027054794582744572,0.8098195195198059
0.010443214007072,0.011060517006272438,0.012318540119484767,0.0013467977611010507,0.0026452604556243694,0.8116661310195923
0.01051428536040671,0.011093699352053187,0.0123182582475195,0.0014274334472497837,0.0027208890390876157,0.8105161786079407
0.01045033080290828,0.011023914853998479,0.012273945234365912,0.0013943992730155088,0.002662917036538156,0.8115482330322266
0.010319330792049034,0.010878225950986748,0.012112715380303812,0.0013410067748303382,0.0026136178148272854,0.813676118850708
0.010270244909462913,0.010805656755930626,0.01200970237287099,0.0013470579313751836,0.0026257921435288937,0.8144760727882385
0.010190009259487558,0.010749522571595723,0.011969287903516885,0.0013760973843152092,0.0026572610907906655,0.8157774806022644
0.01024010958737575,0.010772004243511482,0.011952822200403918,0.001468845216819904,0.0027386170030640274,0.8149709105491638
0.0101394555850217,0.010676167345287016,0.011865171800123765,0.00138905293764484,0.002659124100968342,0.8166062235832214
0.010065739968129053,0.010623731319136267,0.01182731519009443,0.001410202423248115,0.0026885363729608138,0.8178110122680664
0.010045427242731489,0.010540890653661433,0.011713323947167236,0.0013866781738380459,0.002630471413167531,0.8181318044662476
0.009890341596215364,0.010414382605344658,0.0115836743940443,0.0013324949140316688,0.0026095160851942615,0.8206680417060852
0.009985492829758448,0.010469248790868977,0.01160970615260553,0.0014185829713140557,0.002655135705167015,0.8191218376159668
0.00985028750744442,0.010363849957517329,0.011504396716220267,0.0013750261270859898,0.0026203645530763087,0.8213315010070801
0.00985772455073643,0.010354879888512145,0.01150326043767417,0.0013680233338835255,0.0026555878353998964,0.8212273716926575
0.009841907676934396,0.010326175051647546,0.011465287318565701,0.0014277616315740067,0.002722807698601844,0.8214769959449768
0.009696299305198176,0.0101641135327768,0.01129549641737202,0.0013833687859493614,0.0026456046324448298,0.8238558769226074
0.009705356034706503,0.010119073742988125,0.011230863040725656,0.001422151776918229,0.0026594780335490336,0.8237133622169495
0.009656640680994363,0.010094912680203483,0.011198554133008791,0.0014893039048418102,0.002780734427623301,0.8245088458061218
0.009543540118724709,0.00999684074781085,0.011111049794110676,0.0013891850941933242,0.002661006810181093,0.8263680934906006
0.009423247711020427,0.009889912725294997,0.010997160059093628,0.0013553266494766177,0.002599191250617072,0.8283566832542419
0.009259182541012365,0.009708325334843374,0.010797016542629908,0.001263382340837645,0.002500711456441239,0.8310752511024475
0.009220198769397383,0.009663378602306314,0.010756398657424338,0.0012626835788856416,0.0024761591056649316,0.8317229747772217
0.009145860791506383,0.009594460451762949,0.010675672656737719,0.0012136657266008774,0.0024416619799281125,0.8329538106918335
0.00911009080157984,0.009540481395369407,0.010626430649485364,0.0012787217686840353,0.002486186332050586,0.8335515856742859
0.008989775108311001,0.009439666559232162,0.0105186005666752,0.0011888430347578637,0.002387616283341542,0.8355556130409241
0.008960477695269073,0.009379852608146283,0.010462445690727873,0.0011700285748647364,0.00236169103308012,0.8360461592674255
0.008901967198256679,0.009317777040820794,0.010370111035420591,0.00115428821952551,0.002344406471156434,0.8370233774185181
0.008927260161746269,0.00934674970855649,0.010407488598119493,0.0012110978714971734,0.002378219731102054,0.8366009593009949
0.008974496360193164,0.009363856671640537,0.010409045729461133,0.0012722870134967285,0.0024513172423279526,0.8358147740364075
0.008911109438178523,0.009282032985415235,0.010313122234488494,0.0012322715364846608,0.0024157548210764893,0.8368756175041199
0.008843634995138084,0.009226575633823472,0.010255079391418688,0.0012901988380507334,0.002467411741514334,0.8379936814308167
0.008787350092808273,0.009162598038279771,0.010213598978999478,0.0012377945768753155,0.0024498583636427887,0.8389399647712708
0.008750469785108662,0.009147907323485253,0.01017691564039896,0.0012026846796374193,0.0023840621338794697,0.8395610451698303
0.008696944649087502,0.009076220057154662,0.010094776969628046,0.001210491532997397,0.0023960953690861696,0.8404521346092224
0.00869660964923217,0.009090409262868382,0.010125276956382214,0.0012520511353375928,0.0024335652089759008,0.8404658436775208
0.008658934902124757,0.009033612366890747,0.01001557618779624,0.0012619089235195377,0.0024406084828328765,0.8410946130752563
0.008482835243062285,0.008843206869275777,0.009846378752849246,0.0011919867872391772,0.0023699065932891515,0.8440573215484619
0.008385336206563367,0.008765334920995188,0.009737729716220958,0.0011267856363482123,0.0022911985748566236,0.8457005620002747
0.008368342816079623,0.008728219068690434,0.009707468698088756,0.001140850074839272,0.0023145690560340882,0.8459867835044861
0.008359299147589094,0.00870254875829556,0.009701079800224945,0.0011602911123093343,0.0022963439108141318,0.8461461663246155
0.008306747461175358,0.008636498761257069,0.009602356377063982,0.0011246457570951256,0.002261173665123498,0.8470264673233032
0.00826332020829588,0.008586064581102972,0.009557618020764934,0.0011362554830492743,0.0022853952126214968,0.8477623462677002
0.008160705806924993,0.008524427177922038,0.009473315191348928,0.0011041867878013008,0.002248125613335795,0.8495022058486938
0.008224752740371948,0.008549832807691305,0.009521505236625672,0.0011734320888383276,0.002347325233605084,0.8484203219413757
0.008228768512056579,0.008572573359780664,0.00953223677289566,0.0011919222309585385,0.002372246183104963,0.8483530282974243
0.008133466978051118,0.008470146308009257,0.009429430821597976,0.0011554461447584549,0.00232098495850227,0.8499642610549927
0.008041545341178874,0.008388347063688625,0.009318982844784756,0.0011560482754303305,0.0023078480022865654,0.8515262603759766
0.008159802048998391,0.008465380496626733,0.009397668476472765,0.0012314897643139699,0.002392318892298929,0.8495128750801086
0.008149974038136885,0.008447126784180635,0.009381130557732294,0.0012561572628133249,0.002412717934422845,0.8496870398521423
0.007965272170610277,0.008243502616482294,0.009169431560791579,0.0011654241073051554,0.0023120491946703636,0.8528228402137756
0.007785929759476809,0.00808743394461254,0.009007007033632906,0.0010700186902044603,0.0021820067809332137,0.8558850884437561
0.007816621552427743,0.008098560961700927,0.009013708085821779,0.0010889930425574314,0.0021994669515414526,0.8553569316864014
0.0078421837387719,0.008105751152006572,0.009026637323350715,0.0011446951994759924,0.002248655769648968,0.8549229502677917
0.0077289349130736104,0.007996614507380748,0.008900199550510253,0.0010863664466262664,0.0021930079707163292,0.8568581938743591
0.007726412814660561,0.008018767403676207,0.00893293898177627,0.0011445310854371763,0.0022554507141545315,0.8569023609161377
0.007664976111494455,0.007930973012175336,0.008816070434631118,0.0010899157394598795,0.002185746682370269,0.8579554557800293
0.007749357698297741,0.007995428794982449,0.008865654068505204,0.0011584828113949538,0.0022562748633775135,0.856514036655426
0.007707594960127901,0.007980560466347125,0.008872559956656206,0.0011397430960764022,0.0022568928265331574,0.8572208285331726
0.007638337875047586,0.007903401333613684,0.008772896500241836,0.0011737264367758027,0.0022959283609318253,0.858409583568573
0.007533010913546654,0.007813397569944395,0.008678520265841644,0.0011753475756053156,0.002276818774290533,0.8602169752120972
0.007606358447380914,0.007883023985680318,0.008779893365482357,0.0011723869136415872,0.002287780933532139,0.858961284160614
0.0074430880393057865,0.007713591932450365,0.00858618636059281,0.0011349911557748014,0.0022252249187671097,0.8617643117904663
0.007339795551969101,0.007614978987898603,0.008467693646882204,0.0010745464130336006,0.0021408983650023504,0.8635437488555908
0.007265935310681394,0.007523291853050258,0.008384158367278592,0.0010512151299106995,0.0020968008786439894,0.8648197650909424
0.007247029844946509,0.007486742354879443,0.008346293656618002,0.001074734281423508,0.002119748986907453,0.8651452660560608
0.007231613347344351,0.00746510269857893,0.008313366620732635,0.0010936698620051346,0.0021521013680120445,0.8654133677482605
0.007225460178475052,0.007472011946991786,0.00830141436933671,0.0010240679519288491,0.0020708398180920005,0.8655152916908264
0.007199823462573074,0.007460850427214731,0.00830180594985117,0.0010538610085945002,0.0021112884001043817,0.8659650087356567
0.0071937894854919625,0.007454639533222122,0.008291603794833957,0.0010290638499912,0.0021018395362884406,0.8660688996315002
0.007171812417898202,0.0074277706094236185,0.008263693679899178,0.0010577202918345496,0.0021341117861486923,0.866447925567627
0.00709624451853885,0.007331929380861705,0.008163125232962153,0.0010573888222543185,0.002100305551750548,0.8677558898925781
0.007011424169419396,0.007234153041503573,0.008051756684412091,0.0010369826245727955,0.002081360082898364,0.8692255616188049
0.007003270593415571,0.0072337586907732405,0.008035489876798335,0.0010197235008814192,0.002060986877787833,0.8693677186965942
0.006973912301879601,0.007200223517497914,0.008012566010423954,0.0010149423270517548,0.002049740713914769,0.8698782324790955
0.006924321775593414,0.007157706684314164,0.00796118560653405,0.001003620538535534,0.0020457041193574868,0.8707428574562073
0.006993905622387092,0.00720396103874949,0.0080279443988064,0.0010483127524888755,0.002105556645949415,0.8695302605628967
0.006940462378372482,0.007165387022815294,0.0079646391556567,0.001028424705184946,0.002043338272495558,0.8704602718353271
0.006905119191705181,0.007134520977535504,0.007920444381717068,0.0010210941776933285,0.002062984623464962,0.8710752129554749
0.006845340668380061,0.0070387293578394305,0.007856684673152514,0.0010647501908992761,0.002100891272393649,0.8721182942390442
0.0068057612097203336,0.00703738831833705,0.007849069899760636,0.001047620508544797,0.0020990021676825198,0.8728071451187134
0.006732217821873874,0.006954763919715113,0.007738688928168892,0.0009997139516092787,0.0020299418510606624,0.8740875124931335
