loss_reconstruction,loss_prediction,loss_linearity,loss_contrast,lin_dyn_weight
1.3591780905429542,1.3583407763181998,1.0868666477395372e-09,1.0698433783318251e-07,2.5936829073369694e-11
1.0972802003011626,1.0915831039802,9.98661641199275e-09,4.91707190519719e-08,5.661364155251647e-10
0.9624436615938795,0.9608692744142568,3.598048629369174e-08,3.799051029318434e-08,6.267909746782152e-09
0.8708779351640962,0.8720494254664506,1.1161596979526506e-07,3.2992151233202094e-08,3.461441622221173e-08
0.8001447965568256,0.8014372467355498,4.443808947675689e-07,3.075171761679485e-08,1.3314409841314045e-07
0.7451789882483495,0.7461588227716911,1.4497068132089009e-06,3.007757953810142e-08,3.830174932772934e-07
0.7000446870883092,0.7008715610721475,3.715012451174938e-06,2.982409696983268e-08,9.166373047264642e-07
0.6628902976378679,0.6638891430067313,7.909692581185893e-06,2.8962908515950403e-08,1.8834374486687011e-06
0.6307552560724458,0.6318944708591492,1.5198212121560266e-05,2.8486660141879838e-08,3.505706445139367e-06
0.6026220781873443,0.6038630142927809,2.716576026329064e-05,2.786665120879661e-08,6.091931936680339e-06
0.5774207017696575,0.5787901227979174,4.5418077947955136e-05,2.6948915987645705e-08,9.995254913519602e-06
0.5550305308030055,0.5565188544685016,7.272193433598918e-05,2.5931976566084813e-08,1.5504418115597218e-05
0.5346239768468023,0.5361613540163628,0.00011403461679162073,2.541825416813026e-08,2.3250382582773454e-05
0.5155890847658664,0.5171707521814444,0.0001705908440861816,2.5266913894483878e-08,3.385959644219838e-05
0.4977877001020928,0.49946460207729493,0.00024378923050080484,2.5413616100422587e-08,4.81690040032845e-05
0.4809430136917104,0.48265435452755273,0.00034552662008836485,2.555965927797388e-08,6.742840196238831e-05
0.46455763196497757,0.46633383831453706,0.00047921171335718187,2.5967990424646814e-08,9.340176620753482e-05
0.44860565702333527,0.45044345902054306,0.0006581472626814854,2.6464945790394268e-08,0.00012832983338739723
0.4329504195710609,0.43475573152383595,0.00088462381637418,2.6842142730743035e-08,0.0001754076947690919
0.41761601338757265,0.4194326006055837,0.001169678476082296,2.7036904270971718e-08,0.0002385033731115982
0.40223701126454026,0.404034260930069,0.0015044782333195849,2.743354521328456e-08,0.0003238585777580738
0.3874238323590071,0.38930450543641404,0.001901954479875098,2.787260910963596e-08,0.0004358222067821771
0.3728254408682959,0.37485599078377835,0.0023763457259497836,2.93403097373357e-08,0.0005842941463924944
0.3587771656525998,0.36087523532616866,0.0029228574823558172,3.204306864290629e-08,0.0007742038578726351
0.34454322148903443,0.3464952966962359,0.003499542324911134,3.496809242165e-08,0.0010283784940838814
0.3309727460545445,0.33306042494467053,0.0040688903792574,3.7562966070936454e-08,0.0013500633649528027
0.3176237152185261,0.319774413795957,0.004558363440009608,3.594261954731337e-08,0.0017610896611586213
0.30473478853542746,0.3068492328673202,0.00509754229766434,3.3684862899008294e-08,0.0022826946806162596
0.29221394066836176,0.2941969720991303,0.005553455600120507,3.133948922595664e-08,0.002926462097093463
0.2803283813172307,0.2824612945398121,0.0059156662674655705,2.872466531300688e-08,0.003714700462296605
0.26847953674940256,0.2706490981195312,0.0062618803859615935,2.892112327401719e-08,0.004702856298536062
0.2572062915995038,0.25942481450996197,0.006931728569805702,3.017832739260484e-08,0.005891344044357538
0.2457676654926254,0.2480673817543178,0.0068861465444214065,3.3366966079029226e-08,0.0073960525915026665
0.23559351101637527,0.237900978997949,0.007013970401747297,3.629510558766924e-08,0.009061640128493309
0.22485952179169846,0.22710065016318262,0.007388222161131154,3.786153968121653e-08,0.011220814660191536
0.21551625282770825,0.21787117940970463,0.007514011214709473,3.831669914688973e-08,0.013524423353374004
0.20625055423530753,0.2083875854117621,0.007803267034035346,4.45951684469037e-08,0.016270963475108147
0.19700193093545315,0.19921482536172738,0.007660598504099865,4.56719178032472e-08,0.019558781757950783
0.1886256372720882,0.1909882250484129,0.007888658236882003,4.678979337313649e-08,0.023117266595363617
0.18084632303695578,0.18318002173632145,0.008302579851116956,4.9998305939880083e-08,0.027020098641514778
0.17270356920065894,0.1750087946573467,0.008191389064167205,5.062214469830906e-08,0.031759146600961685
0.16532449152610257,0.16742513981964888,0.007897070643988915,5.240488576419011e-08,0.03680281713604927
0.15823288229930815,0.1603634110165026,0.007920086096682594,5.26930996613828e-08,0.042381200939416885
0.1516803115126914,0.15401231914998378,0.007923717265973622,5.029419369861898e-08,0.04830236732959747
0.14519631387241405,0.1474051180697638,0.008090687853261709,4.839253264776744e-08,0.054949093610048294
0.13917992022337927,0.14122961225842023,0.008035606272698408,4.801519182251468e-08,0.061984628438949585
0.13309428495312503,0.1352108049009185,0.007854434187166972,4.87320654940504e-08,0.06999033689498901
0.12768662583092902,0.12964083677801946,0.007557857504499023,5.047276729897021e-08,0.07799030095338821
0.12247848318984617,0.12449766705486794,0.007719633199434338,4.9674635960172964e-08,0.08655007928609848
0.11728408627072225,0.11922532126267538,0.007406834978610277,5.062166152924874e-08,0.09603512287139893
0.1128167327862962,0.11480008626990919,0.008306109433838893,5.291698457199345e-08,0.10498613119125366
0.10777315551330194,0.10992400961411224,0.008502355152516359,5.342218756254624e-08,0.11610229313373566
0.10342128329158788,0.10536443565949678,0.008274711960622037,5.499095223626682e-08,0.12664411962032318
0.09944037755516835,0.10137338482902133,0.008735812341559668,5.626360533028674e-08,0.13712412118911743
0.09498815572054073,0.09679152019541641,0.008093906618934374,6.118159490142716e-08,0.14985468983650208
0.09095842201492423,0.09271979048328809,0.007921582255162919,6.114461115203085e-08,0.16243138909339905
0.08716043849892655,0.08896128811321694,0.007548000690984182,6.391294249397106e-08,0.17522519826889038
0.08402241658589156,0.0856028165638287,0.00854916722406371,6.611524128175006e-08,0.18659313023090363
0.08006169205536472,0.08175029851316447,0.007181903188823455,6.801660390465258e-08,0.20191790163516998
0.07710652652598578,0.07863334384584554,0.007178658664466229,7.051038153349509e-08,0.21418842673301697
0.0746002755959296,0.07614252159007433,0.007939954685301946,7.292947401538186e-08,0.2252182513475418
0.07164004830588604,0.07319957511274808,0.007877559510956022,7.485700592724243e-08,0.23891577124595642
0.06891989436290219,0.07047365124439746,0.008049564912975154,7.605019192169493e-08,0.25228774547576904
0.06605156457136527,0.06770415719968065,0.0075230516952739645,7.7284241228881e-08,0.2671809792518616
0.06382130070442169,0.06523536231578515,0.007389563149535384,7.85067229003289e-08,0.2793436646461487
0.06140816050903727,0.06276806786496582,0.0067562013976875165,7.904350241005886e-08,0.29314419627189636
0.05908177882912331,0.06045253657743375,0.006304470824711923,7.988759165300507e-08,0.30708611011505127
0.057214097367055294,0.05852077002499762,0.006350317767673939,8.063469891794739e-08,0.31876662373542786
0.05546109019791153,0.056697666774885906,0.007045912321646955,8.245326910127915e-08,0.3301202058792114
0.05389061876779907,0.05509026569311804,0.00713312401169107,8.37186604485396e-08,0.3406750559806824
0.052449396074856894,0.053739567015110325,0.008034950092275086,8.41888692093562e-08,0.3506205081939697
0.05054311793866809,0.051829827355156,0.007017421114181066,8.578778221135508e-08,0.36425524950027466
0.04897950350958604,0.050294552777391976,0.006250772375523564,8.692091313378114e-08,0.3758629560470581
0.04727435351696475,0.04854416949100213,0.006058037807870327,8.793215755531492e-08,0.38883838057518005
0.04600595114577871,0.04734126365576289,0.007097311782333551,8.941648843574512e-08,0.39879924058914185
0.04447457539891429,0.045740631895873886,0.006549780803854919,9.136829248745926e-08,0.41120412945747375
0.043301407337668116,0.04447516836925103,0.006007034761017193,9.064626027566192e-08,0.4209150969982147
0.042064980091901634,0.043213522705891176,0.005838479862945409,9.133054135190832e-08,0.43147796392440796
0.04095073154161187,0.04203233780993533,0.005558684606844155,9.32366219785763e-08,0.44115883111953735
0.03968030909430885,0.04076584325678866,0.005571163132107609,9.299921543970413e-08,0.4525027871131897
0.0386517009530566,0.03963214073120429,0.00555028793484412,9.521023258685091e-08,0.46188443899154663
0.037446138206819427,0.03848227906482789,0.005134194187979756,9.57783967692194e-08,0.47315728664398193
0.036796454959436654,0.037855582236844154,0.005796118826672795,9.594896255293861e-08,0.4793461561203003
0.03597811784285643,0.03701638366437789,0.005837108994816647,9.687326496532478e-08,0.4872441291809082
0.03509446429263491,0.035994096002454096,0.005500084598206643,9.825844671240702e-08,0.4959395229816437
0.03403516775920947,0.03494785373516121,0.005131669698318032,9.913795651073087e-08,0.5065484046936035
0.03325962359160584,0.03416947078648905,0.004957219269925643,9.941462053575378e-08,0.5144606828689575
0.032358862160038374,0.03327063518019528,0.004740017211569058,1.0113711823578342e-07,0.5238010287284851
0.03160549783155362,0.03249812611546018,0.004710271929568004,1.005362122441511e-07,0.5317765474319458
0.030847725710624344,0.031752984091919165,0.004907490927775968,1.018799906660206e-07,0.5398551225662231
0.030049023430684618,0.030939581416966767,0.004601159971956433,1.031408984886184e-07,0.548545777797699
0.02951149523617755,0.030315379489802483,0.004637913588664167,1.0186888488306067e-07,0.5544734001159668
0.028812310201472954,0.029634257863418025,0.00456096262024371,1.0325882016104515e-07,0.562315046787262
0.028201744999067392,0.028980193624707395,0.004666866433754284,1.0429543095824556e-07,0.5691952109336853
0.027509061924254286,0.02830627047264544,0.004595338853810172,1.0337077327449151e-07,0.5771140456199646
0.026838959222185068,0.027641419476102887,0.004508242903691754,1.055200158361913e-07,0.5848956108093262
0.02624046274188696,0.027054147814817468,0.0044397438037391485,1.043245347887023e-07,0.591926634311676
0.025575099707688467,0.026381783531953758,0.004452399306508635,1.0462739652439268e-07,0.5998550057411194
0.0250671465129619,0.025849881919035964,0.0044151354511206015,1.04635589082136e-07,0.6059706807136536
0.024549244296295073,0.025299358693508297,0.004364256734582758,1.0522067128704293e-07,0.612292468547821
0.023884879629909192,0.024625329760180403,0.004116853327058435,1.0521907256588747e-07,0.6204739212989807
0.023453297697746723,0.024199072181699102,0.004172420653517061,1.0361138436110195e-07,0.6258487701416016
0.02306244753041472,0.023729767795182745,0.004032382403248197,1.0495404012544896e-07,0.6307594180107117
0.02260357791173394,0.023271953821901344,0.00411916987211431,1.0535285355217638e-07,0.6365657448768616
0.022188420899352183,0.022880269663942722,0.004560279216737195,1.0489502955124408e-07,0.6418752074241638
0.02187088850496122,0.022568809852283697,0.004537597605733865,1.0561151242427513e-07,0.6459742784500122
0.021436482877657818,0.022158128516523833,0.004538183323989045,1.0381472037579442e-07,0.6516243815422058
0.020974745909026735,0.021678713866916482,0.004374782576028447,1.049553901566469e-07,0.6576354503631592
0.020397867298317978,0.021080674733417282,0.0040506109802536765,1.0420355067708442e-07,0.6652681827545166
0.019980798068458847,0.020707335987255656,0.0039620940378759725,1.0428669128259571e-07,0.6708239316940308
0.019701571181296663,0.02033035551514926,0.003969760262095257,1.0547038442609846e-07,0.6745843291282654
0.019306866067584014,0.019923817830774484,0.003913183852620722,1.0378317938375403e-07,0.6799236536026001
0.01895842672732656,0.0195783211752253,0.0038039963992047886,1.0252189497350628e-07,0.6846680641174316
0.01851208015137799,0.019143406261787337,0.0036699773341756885,1.031111196425627e-07,0.6908075213432312
0.018056907658602534,0.018666307883831515,0.0033939052791392118,1.0459078936264632e-07,0.6971224546432495
0.017691871885400036,0.018272450922841042,0.003292506299763119,1.0279526208023526e-07,0.7022240161895752
0.017420058305957043,0.018057941881085848,0.003372779923763336,1.0146502660290935e-07,0.7060580253601074
0.017338565877831013,0.017970912423154625,0.00403604595534923,1.0090262492212787e-07,0.7072024941444397
0.017089266010407788,0.01763747734374719,0.0042194409043735375,1.006061296493499e-07,0.7107277512550354
0.016728050487450557,0.017306170199096364,0.0038214613903243965,1.0174169773335962e-07,0.7158835530281067
0.016590370789130317,0.017126246852345824,0.004292479935963576,1.0126550620270791e-07,0.7178583741188049
0.01638872643318477,0.016950986025999763,0.00410139768686515,1.0033674868736853e-07,0.7207576036453247
0.01605951706641641,0.01659157783811757,0.0038991829819837462,1.0064459843306395e-07,0.7255143523216248
0.01562612950202607,0.016172707565228678,0.0035444780867097364,9.8997062991657e-08,0.7318218946456909
0.015430524745511626,0.015976775412625027,0.003393291910216412,9.991956062549434e-08,0.7346843481063843
0.015127027479697009,0.015678017153017643,0.003085671756766117,9.834295866539833e-08,0.7391596436500549
0.014876602544641527,0.01540479034275296,0.0030218124147454633,9.834652558993184e-08,0.7428617477416992
0.014617679655631809,0.01515422390159669,0.0031287702519556472,9.924742272460207e-08,0.7467172145843506
0.014553868336647988,0.015086406010425282,0.0031952802734774096,9.814366563887233e-08,0.7476710677146912
0.014298332258359836,0.014838389288284504,0.003012461937968956,9.87671882057839e-08,0.7514933943748474
0.014129414759955841,0.014607846200086635,0.0030207522769006663,9.852107041297131e-08,0.7540354132652283
0.013897544172550015,0.014425113185461181,0.0028611037901405435,9.734167605301991e-08,0.757534384727478
0.01386469536668174,0.014355473053059852,0.0031921020471778055,9.735431660828908e-08,0.7580355405807495
0.013706942743074957,0.014162751611312177,0.0031428161001047644,9.764893604824465e-08,0.7604301571846008
0.013607251622661668,0.014074367863043703,0.003343552498935894,9.748183771307595e-08,0.7619470357894897
0.013518714273583154,0.013937820453226725,0.0034400805738572303,9.718542770542626e-08,0.7632927894592285
0.013298413975928328,0.013759057619296832,0.003350776145184767,9.732102057569136e-08,0.7666540741920471
0.013067333534579654,0.013531629255805514,0.003142434822759983,9.726431215995035e-08,0.7702045440673828
0.012872120864869123,0.013355520166876168,0.0029093042763833946,9.799339295568643e-08,0.7732189893722534
0.012649612231604535,0.013133430151873076,0.002995454965923331,9.646785059658214e-08,0.7766577005386353
0.012573467919617972,0.013028352975785413,0.002902962076390317,9.725567196028351e-08,0.777841329574585
0.01245760316923061,0.012900573838172585,0.002688639334730065,9.690594993116974e-08,0.7796433568000793
0.012329122268822015,0.012786057520527942,0.002849624987227228,9.736879036381652e-08,0.7816550135612488
0.012127602702610934,0.012561585212341103,0.0026206131493947383,9.746226226070576e-08,0.7848032712936401
0.012046696673129902,0.012473186453050327,0.0027071810034091206,9.752388763217823e-08,0.786075234413147
0.01207022007864378,0.012481678002601335,0.0029806867447849015,9.719987303924427e-08,0.7857027649879456
0.012030662586737734,0.012416250861422146,0.0029449668649244483,9.692585223319838e-08,0.7863189578056335
0.01201457276331116,0.012403811582791103,0.0030670674260575874,9.68107514154326e-08,0.7865784764289856
0.011819046040642357,0.012204513949998741,0.002992061184639306,9.666548805853381e-08,0.789657473564148
0.01177205563829987,0.012187124394759255,0.0029340246617394544,9.819553525858282e-08,0.7903937101364136
0.01162634371223063,0.012014242163771918,0.0030044216990980244,9.677238210770156e-08,0.7926960587501526
0.011447229837104878,0.011827496716867503,0.0028845057841490247,9.671448708559183e-08,0.7955431342124939
0.011277149501319066,0.011671115179863276,0.0026774651529492145,9.868419681424712e-08,0.7982470393180847
0.011107047120903197,0.011479491734972109,0.0025253880003731867,9.726122840447715e-08,0.8009644150733948
0.010991271784973528,0.01140301264123367,0.0023959184829495227,9.781212639836667e-08,0.8028175234794617
0.011011980651271087,0.011406164866030695,0.0025810563578532544,9.704383785447135e-08,0.8024787902832031
0.010942178051768935,0.01132912348566362,0.002505138183721708,9.736115913483445e-08,0.8036046028137207
0.010846422263608381,0.011254822493258654,0.0023532081133219094,9.882908358349596e-08,0.805148720741272
0.010786284105827278,0.011183047976754306,0.0023912591466445465,9.745441076347561e-08,0.8061138987541199
0.010771554467785134,0.01116731945155613,0.0023854641929198926,9.765190611688013e-08,0.8063693046569824
0.010653021415800415,0.011052267600959492,0.0024309819264602085,9.870740313999704e-08,0.8082606196403503
0.010600123746725094,0.010958747246649726,0.0024292542506758395,9.786119647969826e-08,0.8091192841529846
0.010583379598029817,0.010943473321722755,0.0025235804898948995,9.803481049175389e-08,0.8093836903572083
0.01050032982627684,0.010857264648613597,0.002569128133746079,9.85685488785748e-08,0.8107284307479858
0.010545993505929654,0.010890203011259637,0.0026980654683573316,9.83218981787104e-08,0.8099862933158875
0.010421334124162754,0.010787567108789654,0.0026829871779742174,9.773797415846275e-08,0.8120104074478149
0.010391575464074957,0.010758323352733981,0.0026776537638726885,9.796021060992643e-08,0.8124901652336121
0.010222310906940268,0.010616109049791624,0.0024373384795573615,9.903668996003034e-08,0.8152419924736023
0.010169375585467023,0.010550206706886637,0.0023475434167944793,9.91115740589521e-08,0.816103458404541
0.010149383103479969,0.01048375216210336,0.0023678796055000124,9.814506540806178e-08,0.8164287209510803
0.01008876720967705,0.010440690637673514,0.0024650591399380814,9.990033333906467e-08,0.8174141645431519
0.009985374391638243,0.010314302973389306,0.0022950948686676037,9.989818750000268e-08,0.8191059231758118
0.00981357702411132,0.010166914963810118,0.002296230879340111,9.956231394880888e-08,0.8219242691993713
0.009838429499347632,0.010157692705558228,0.0023586434891432442,9.897340902398355e-08,0.8215129971504211
0.009849808995309848,0.010206437742102881,0.0025746450620895657,9.960675129150331e-08,0.8213278651237488
0.009726303749425642,0.01010267847734466,0.0024118800828577926,9.873350848010887e-08,0.8233559131622314
0.009724601591380447,0.01011893448816867,0.0025044112989364375,9.843081727467506e-08,0.8233807682991028
0.009705441144991656,0.010036850278203353,0.002425346115289441,9.963158476011813e-08,0.8237032890319824
0.009603524490711517,0.009962371098571744,0.0022647396471581096,9.813515333689793e-08,0.8253768682479858
0.009469700445378594,0.009802377622964075,0.0021089936054783597,9.768945119503769e-08,0.82758629322052
0.009438432765570307,0.009798417569465196,0.002120060489160925,9.854361593397698e-08,0.8281027674674988
0.009488254381049095,0.009821636375069777,0.0021800531920834615,9.903814657263865e-08,0.827276885509491
0.009394115733417205,0.009736396944095399,0.002186140295832191,9.866363370747422e-08,0.8288391828536987
0.009491238206245464,0.009827781436170873,0.0023648821569020404,9.846413462355486e-08,0.8272281289100647
0.009347688087109906,0.009680805400752989,0.002254429926231863,9.825602376167808e-08,0.8296008110046387
0.009333773336345804,0.009688334075119796,0.002410080400607661,9.85588286539496e-08,0.8298333287239075
0.009222220587007323,0.00956266464780387,0.0022234267919716342,9.886588259178097e-08,0.8316884636878967
0.00919743877992873,0.009511807503992687,0.0021796370357095238,9.846278459235691e-08,0.8320966958999634
0.009112531047104671,0.009417955149414552,0.002118022573098101,9.857950544756022e-08,0.8335086107254028
0.009042037276416297,0.009358941392608526,0.002068215873761567,9.8170502838002e-08,0.83468097448349
0.008983404085978905,0.009330149889791299,0.002103422124228433,9.762708685912003e-08,0.8356610536575317
0.008998874078027843,0.009337911100174243,0.002118649022983282,9.830723257664431e-08,0.8354040384292603
0.008959717439342759,0.009261033577649748,0.002114948752927956,9.766537800715014e-08,0.8360558748245239
0.008909509749458878,0.009183013839172773,0.002221904723123515,9.837638259568848e-08,0.8368944525718689
0.008895226869102936,0.009186734397953061,0.0022134358698786822,9.794564448384335e-08,0.8371323347091675
0.008866578927288586,0.009189438901282347,0.002229318317979694,9.80026158003966e-08,0.8376110792160034
0.008781764960920204,0.009149887883691142,0.0022115505290474873,9.749685148108256e-08,0.8390311598777771
0.008758818660800322,0.009084120839734339,0.0021943475916262607,9.787444099629283e-08,0.8394167423248291
0.008754960031575715,0.009051469089738006,0.002091906592125028,9.73791500769039e-08,0.8394793272018433
0.00867381915899528,0.008975606651392444,0.001974485421318551,9.793184574391489e-08,0.8408440351486206
