loss_reconstruction,loss_prediction,loss_linearity,lin_dyn_weight
0.6726730117529391,0.6738638928205014,0.0032096940209347625,7.428932440234348e-05
0.2424452918064818,0.2439758436849226,0.018585403921736788,0.015335488133132458
0.10797486026788844,0.10901314557477552,0.013004847080634043,0.1271754652261734
0.06756746456346627,0.06844408927989709,0.007637512808960261,0.2644403278827667
0.052042885596087406,0.05257402595142577,0.005375798299768815,0.357308954000473
0.04471686911886563,0.04515545408743316,0.00507842092812261,0.41235271096229553
0.039209446992135875,0.03968086412760751,0.00456513421255446,0.45952776074409485
0.03574695811674358,0.03618450076306793,0.0043401275187151525,0.4921391010284424
0.03300462979773414,0.033483599839437425,0.004424943485055069,0.5195527672767639
0.030807623814481832,0.031224321504061087,0.003991930627566201,0.5425093770027161
0.029522122475680652,0.029845745869520202,0.0041145870010131326,0.556550145149231
0.026727316621441306,0.02707327234161763,0.003284662745358677,0.588213324546814
0.025383073182392055,0.025752833617436664,0.0030601094114836355,0.6040483117103577
0.024651616377301573,0.024980974456060668,0.0030855129743818863,0.6129913330078125
0.0236541855501026,0.02401204079629269,0.0029609729098930117,0.6250952482223511
0.022676029944188155,0.02291111865308106,0.0026375757862411777,0.6374149918556213
0.02205666968593968,0.02230188288993075,0.0025963736192420642,0.6453718543052673
0.02157286428734061,0.021863542397284316,0.0027236460880363913,0.6514700055122375
0.021319554319690123,0.021593013978076364,0.0026016585171801956,0.6549913883209229
0.02121295232136032,0.021489889038871505,0.0027809934022689073,0.6560912728309631
0.019642345442489068,0.01994959850253752,0.0022229973807925954,0.6768534779548645
0.01931734258763432,0.019545112993698016,0.002312523948937535,0.681255578994751
0.01927075761272984,0.019575821345637054,0.0023967897645559852,0.6818634271621704
0.018345994245630486,0.018752917677323875,0.002252011071458639,0.694408118724823
0.01836002497726567,0.018672069959122756,0.002375744869957501,0.6941854953765869
0.017326633910331426,0.01747184510944516,0.0019116635386265276,0.7087121605873108
0.0171155871314074,0.01734479277796704,0.001988532310963456,0.7116960883140564
0.016690947849493244,0.016871230149936262,0.0018470090837030605,0.7176547050476074
0.016816496771657915,0.017100725230578602,0.0021000819798214386,0.716096043586731
0.017296172194082998,0.017696283652819195,0.0023805676671069605,0.7093181610107422
0.016413054129373453,0.01674928752850272,0.0021003122886532953,0.7217319011688232
0.015923549927990815,0.016237321621850733,0.001947324672756322,0.728599488735199
0.015525126040740883,0.015897197464116455,0.0019908853548756193,0.7346249222755432
0.014445507332143292,0.014637737549921303,0.0016421402496193352,0.7502915859222412
0.013900476597728901,0.014150813771236998,0.001565205920475158,0.7583456039428711
0.014358023843221147,0.014638024804259752,0.0018004999067209881,0.7516354322433472
0.014513470357328893,0.014836174318561924,0.0019532026399686014,0.7493540048599243
0.01411014958097532,0.014520201287744193,0.0019030969767224533,0.7554665803909302
0.013805564308174494,0.014114543735661391,0.0017298197451149969,0.7599722146987915
0.013415997862895756,0.013744446424013328,0.0017250571231390212,0.765959620475769
0.013513215487927758,0.013852183791951104,0.001812024476148947,0.7644194960594177
0.01279959832655201,0.013148298462098789,0.0016011617704476892,0.7752380967140198
0.012212721141549601,0.0124947497965743,0.001464678847228474,0.7843315601348877
0.012480553207125005,0.012895656739618759,0.0016236348516475059,0.7802634835243225
0.011782928736975302,0.012135097657108115,0.0015017995991601781,0.7910937666893005
0.01179488505119453,0.01210406850823688,0.0014977459755199324,0.7908193469047546
0.011500838197687836,0.011788656715373571,0.0014804968633501724,0.7954002022743225
0.01127607288493228,0.01160403916077943,0.0014325087707759388,0.7990635633468628
0.010957826633036296,0.011259716947940016,0.0014253154115491714,0.8040607571601868
0.01136007822111209,0.011738354924457003,0.0015130096068980308,0.7977760434150696
0.011202876248843868,0.011541296188637175,0.0014782832515982775,0.800263524055481
0.010728725062398584,0.011064741453380591,0.0013933805302509554,0.8076794743537903
0.010313542549755554,0.010672600378080124,0.0013472546124830842,0.814449667930603
0.010697449342754666,0.010981795652682116,0.0014543614010688606,0.8085929155349731
0.009873909820819989,0.010135097184465654,0.0012509466539668893,0.8215680718421936
0.009451426290994356,0.009730344698152657,0.0011800205631209064,0.828439474105835
0.009421110467800507,0.00968398880612994,0.001140712316730996,0.829045295715332
0.009302322662887401,0.00962078426502665,0.0011505488942666904,0.8310357928276062
0.009307279733406634,0.009669243907381159,0.001179468461272404,0.8308911919593811
0.009127375819587995,0.009349854619319652,0.001182433926867416,0.83391273021698
0.009169284439078924,0.009490452944013931,0.0012097763434119882,0.833139955997467
0.009103470034997202,0.009463960604477503,0.00122030284714538,0.8342700600624084
0.009457555884150813,0.009854316841261637,0.0013052401645982953,0.8285399079322815
0.008720902156773905,0.008957819852119077,0.0011200758128554309,0.8406081795692444
0.008167289107558555,0.008528612797515562,0.00101331023820214,0.8498483896255493
0.008239872548878991,0.008561299723041201,0.0010023233145238187,0.8486534357070923
0.008517401853461448,0.008880013609979172,0.0011036593515997698,0.8442559242248535
0.00799717835647531,0.008251722381467715,0.0010126325456006077,0.8527126908302307
0.00812269153632723,0.00851630973667106,0.0010667865270069592,0.8507118821144104
0.007744469523839353,0.008013761876994898,0.0009481393060791768,0.8569864630699158
0.007810143787593609,0.008139515169534144,0.0009962908868071181,0.8560461401939392
0.00734415875458166,0.00765982626790016,0.0009147303978520528,0.8638402819633484
0.007640311289728487,0.007974939333429765,0.0009821547910348878,0.8588239550590515
0.007506725830263171,0.007710452146588478,0.0009198591414896457,0.8611572980880737
0.007352730836070095,0.007671772341316331,0.0009255028083538461,0.8638681769371033
0.007645980474956074,0.008081846843016691,0.0011387247033229962,0.8589056134223938
0.0077869977824509785,0.008186489618295958,0.0010083097964213117,0.8567247986793518
0.00716948571887077,0.007476374142411248,0.0008820618679759469,0.8669468760490417
0.006887401163268425,0.007257550054706693,0.0008608826442968709,0.871753454208374
0.007004288221202571,0.0072561676898626635,0.0008527248418682702,0.8698051571846008
0.006833689649347166,0.00712906606070917,0.0008586520089108706,0.8727372288703918
0.006709955971008891,0.007013062204935915,0.0008324181603894497,0.8748794794082642
0.006793272966174433,0.007105923730919971,0.0008383611644413472,0.8734718561172485
0.007119142456634355,0.00753539448089638,0.0009310179086958855,0.8679243326187134
0.006498857793315806,0.0068236377661992816,0.0008284671243964307,0.8786092400550842
0.006349391155394329,0.006650715983964643,0.000740132033206952,0.8812130093574524
0.006423043934803146,0.006701955830193956,0.0008129610651329999,0.8799464106559753
0.006184455872470907,0.006465305845145805,0.0007338472944746748,0.8840487599372864
0.006002848113989383,0.006290130395861717,0.0007280690898874091,0.8872694373130798
0.006133274132780351,0.006454293196646362,0.0007320290152670132,0.8849895596504211
0.006199898083392161,0.006497632954319585,0.0007902470299656984,0.8838650584220886
0.006020755765475233,0.006348439811881202,0.0007316457234377955,0.8869941234588623
0.00566537156526309,0.00593054628164455,0.0006733311055572679,0.8932024836540222
0.005621075551537422,0.00593327137269579,0.0006850474503455588,0.8940049409866333
0.006006048275682146,0.006392057298435443,0.000747335083931235,0.887271523475647
0.006089702814108325,0.0064584652159173275,0.000746139185378283,0.8858035206794739
0.006048559369744069,0.006426183375762152,0.0007646549825466689,0.8865053653717041
0.006063942700105122,0.006396143361376773,0.0007706075658941836,0.8864164352416992
0.005863500847643486,0.006208851173190505,0.0007008411495536865,0.8898941278457642
0.005373891022296038,0.005714086116598694,0.0006685445694397666,0.8983821868896484
