loss_reconstruction,loss_prediction_1,loss_prediction_2,loss_prediction_3,loss_prediction_4,loss_linearity_1,loss_linearity_2,loss_linearity_3,loss_linearity_4,lin_dyn_weight
0.8124661817345568,0.8171968581855938,0.8159000976111299,0.8164378334117192,0.8188700304236464,3.4193358375495244e-06,5.030277355670123e-06,7.2412826533222944e-06,9.78296494238617e-06,5.403425802796846e-06
0.4389626505554363,0.4438531273795712,0.44563452338659637,0.4474093346826492,0.4503218012471353,0.00016894261751722003,0.00020833152470864876,0.0002581165677173719,0.00032344558978796267,0.0002540713467169553
0.2984617283587815,0.30277780066895227,0.30422244773757073,0.30571866115575197,0.3069708813582697,0.0013717573827072497,0.001653311042470597,0.002045583898722324,0.002512237258626008,0.0033505132887512445
0.19306947659420712,0.19625474544622565,0.19761607868056144,0.19927485671735579,0.200953165049194,0.002969692095673533,0.0037324582251609976,0.004747832191467125,0.0057978247722951315,0.02409818023443222
0.1245233041624869,0.12648745225642316,0.12726879095838917,0.1282952124232887,0.12953253250609162,0.0037219055067066863,0.0051146904932915845,0.007101325107918632,0.009311761662003494,0.08847962319850922
0.08389554244856681,0.08508812652159763,0.08554484959571593,0.08636490407810417,0.08746595712759161,0.004376815261459479,0.00611007284192789,0.008785747101790803,0.011969167849309343,0.19185028970241547
0.06559370033523088,0.06631378793428021,0.066502380355071,0.06708816110446889,0.06793389229043838,0.004661086077992154,0.0063415361137720205,0.009151268269746535,0.012642089127292555,0.27408385276794434
0.05656002017278825,0.057070936607096785,0.05713558938073855,0.0575326314216019,0.058104046890812534,0.004504272721767906,0.006146937483541106,0.00885797066674117,0.012270160850578098,0.3273860812187195
0.04957498834338239,0.050272572344990184,0.05053274509727314,0.05119502804772828,0.052048724745550466,0.004264418381236253,0.005882425444020379,0.008505412762964605,0.01175862399520733,0.37542325258255005
0.046227898168307476,0.046697978851615744,0.04682050248788249,0.04738618265236578,0.048112596996048446,0.004073674662879879,0.005624566692858934,0.008113174233585596,0.011261452760507343,0.4013047218322754
0.04471184998270004,0.04511877561929405,0.045206275758563834,0.04565806730940778,0.046245090423091766,0.003962386734983934,0.005531744625900061,0.008012626780777849,0.011074718889049304,0.41496542096138
0.04266243836572094,0.04315550352937432,0.043397744456606525,0.044143707040817506,0.04494227957661434,0.004029182056265492,0.0055972505561126176,0.007992853851167745,0.010999470168063718,0.4311463534832001
0.03842279062636437,0.03887646537153951,0.039140180314099916,0.03984495360524424,0.04060051914665007,0.0037623754657444453,0.005350023382894134,0.00760503967482877,0.010405124024918644,0.467631459236145
0.03753997205245879,0.03798077808272454,0.038296826704535436,0.0390057256144862,0.03983173170878041,0.0038269491145207037,0.0054450357252711894,0.00759947954386633,0.010319581966326442,0.47679272294044495
0.035764319381566455,0.03594979860128895,0.03631984869078282,0.037248656974845036,0.03821634721531663,0.0038397032617320938,0.0055575555100316,0.007626970273552722,0.010301335494444576,0.4930199980735779
0.033918419632539956,0.034024613138328316,0.03433129609993068,0.03515690743362391,0.036271259709391546,0.0039204202707536434,0.00574999675154686,0.00782226107173389,0.010507139247111094,0.511573076248169
0.03426270533393147,0.03435341338877396,0.034580734828787464,0.0354269835296818,0.03650721869561621,0.0036559904029252388,0.005434921351812219,0.007437150670035231,0.010100082173863406,0.5083488821983337
0.0320640059127923,0.032077905591777575,0.03234049435504662,0.033302961538235344,0.03435710799549856,0.003562759630562317,0.005379609903821381,0.007450307459039714,0.010182610417525936,0.5301591157913208
0.03146503352990714,0.03151855083002198,0.0316802576104159,0.03241655875438003,0.03335790223972772,0.0033310752797631486,0.005031566728927916,0.006844360816983446,0.009348838845448147,0.537237286567688
0.030450783389550384,0.03052060402208759,0.030692516014941277,0.031485683915595856,0.032464939840538526,0.0033233864207862203,0.004974262956629998,0.006766959078489772,0.0092815727305909,0.5476257801055908
0.029860508578118457,0.02989019060968071,0.02994255881796601,0.030612737220782105,0.03153996770420382,0.0031696209553829444,0.004804870048637992,0.006462215931625456,0.008804977851449161,0.554391086101532
0.028506201922252613,0.028517908126276026,0.028657201276991957,0.02938715072088344,0.03026740501324336,0.003027360237914548,0.004595162279363121,0.0063958045505788375,0.008821075401639426,0.5686453580856323
0.028517095692535882,0.02851242960620952,0.028665541741316036,0.029361277137712766,0.030255123612380797,0.0031406854314389087,0.004685546924930907,0.006242163649569916,0.00846195427240223,0.56914883852005
0.02785227812265837,0.027850495270823918,0.028003690924535515,0.02863221573493173,0.02951908928732718,0.0029834180154026516,0.0044732766416204234,0.006123347688586482,0.008410818629487548,0.5767433643341064
0.026532090519384672,0.026508302117387455,0.026653266541900172,0.02730957969462359,0.02820749070134855,0.0029091017636200113,0.004383297574516105,0.00601330483632703,0.008334316213124542,0.5915582180023193
0.02622058348710178,0.026204444327822294,0.026330382893643072,0.026979905202664356,0.027850668136310833,0.0028109084038684764,0.004229859393891147,0.005779285194172013,0.007933171656263132,0.5953173637390137
0.02578035019017676,0.02577851666638287,0.025809315343697865,0.026453810774030223,0.027285095224136947,0.002779079345805991,0.004193982154491448,0.005720791351851276,0.007789738140799986,0.6003522872924805
0.025417166732011304,0.025363504606229003,0.025494809472753156,0.02616346367104079,0.026955980266774853,0.0026943230681041237,0.004062236732332617,0.005621555151157482,0.007712850267047523,0.6047250628471375
0.02490194943002475,0.02482289600596633,0.024933307661965328,0.0255392801056626,0.026352887031852557,0.0027312317848085395,0.004146726514082602,0.00570440272830667,0.007884239397382224,0.6113287210464478
0.02362214990200535,0.023653067508211698,0.023725539145450437,0.024309828156425108,0.025077859540620157,0.0026147823019694256,0.004022335530989753,0.005369631268124106,0.007271261630399573,0.6261902451515198
0.024514259810569466,0.024450556925868474,0.024579129692527554,0.02512882798109003,0.025852019247669045,0.002617356369912785,0.0040110457733634015,0.005485991867239116,0.0075120120058937735,0.6158240437507629
0.023356190552153894,0.02328698178853399,0.023352341446024116,0.023797756681839626,0.024534325606079512,0.002466196848970828,0.0038162558289465084,0.005308804928415244,0.007340924453831488,0.6300130486488342
0.023216653374894973,0.023248153448265085,0.023440484598439226,0.02402231946427335,0.024759990073019458,0.0025576809245932805,0.004004511679272338,0.005523215123121777,0.007591146034418896,0.6315327882766724
0.02204846070017866,0.022123779700968856,0.02228567627088357,0.022886006221655878,0.023645240833522173,0.0026166991440839667,0.004094956490281288,0.005438910031150426,0.007351593214577885,0.6460511088371277
0.021786224377411668,0.021726609317846195,0.02195310494511999,0.02254406843454607,0.023255147760914217,0.0024574692260914592,0.0038725601243836585,0.005200702732088425,0.007067252496277453,0.649390459060669
0.021956282016891305,0.021925607215492957,0.022061917269902843,0.022611963292283398,0.023314511864095607,0.0023944440150072657,0.003769804455680392,0.005088667059817942,0.00693882646299498,0.6474902033805847
0.02129853630979215,0.02127290571168546,0.021436029103814914,0.021992158344996873,0.022635340850840333,0.0024036531967501487,0.0037952552609626326,0.005110041603886633,0.006969668036226624,0.6556767225265503
0.021085662947547053,0.021031913858267567,0.021286131033012943,0.021872866778604446,0.0225607495835071,0.0024379901938460847,0.0038573009197309773,0.005179870728483443,0.0070726128335120856,0.6586402058601379
0.020741706734062525,0.0207055925281458,0.020942482776859755,0.021533338272924064,0.02223846678852394,0.0023212611502517137,0.0036647967588637146,0.004865088302301624,0.006612880320678796,0.6631367802619934
0.02078971561164625,0.02074547977216782,0.020873594868888137,0.021383233408453644,0.022041433060201267,0.0021880184530570944,0.0034707822005755158,0.004788571107451634,0.006587800319476794,0.6623510718345642
0.02004538534549616,0.020026455863669353,0.020161347944409616,0.02070367310236218,0.021418568788356677,0.002306878181194426,0.003666120240845347,0.0048914499485725035,0.00669651540116437,0.6723064184188843
0.01930179374833261,0.019235724803581034,0.019410071283658986,0.01987045258283615,0.020505912441720245,0.002274886085351388,0.003661840678423002,0.004753593145118606,0.0063017053900146355,0.6821088790893555
0.019092841634667047,0.019082771784435678,0.019344515267318937,0.019896317213293043,0.02051833015616222,0.0022365379182281353,0.003619816334497544,0.0048130592381361356,0.006512870160882832,0.6845871210098267
0.01942195602121853,0.019377652335391248,0.019609400682071204,0.02006998764330982,0.020661834106650404,0.0020595048954810506,0.003300435911183075,0.004521533343640547,0.006177003480373851,0.6805641055107117
0.018993131976614716,0.018936931015422907,0.01915381585438085,0.019552184879699702,0.02015812622924005,0.0020266655301775342,0.00324496001966538,0.004481831467860649,0.00617440082433243,0.6863595843315125
0.01876320528687649,0.01874186090564215,0.018958442023284332,0.01946943022951644,0.020137363303733127,0.002232339069177146,0.003637236873469045,0.0048840318616199235,0.006711389974600846,0.6895052790641785
0.019074874809913097,0.019037393692840812,0.019180024783777935,0.019726609390589497,0.020367656043300066,0.002310962229716762,0.003658131889057576,0.004759055647438252,0.006465881957762664,0.6855049133300781
0.018316976756097808,0.01823561851896586,0.018426594815106802,0.01885390246627472,0.019406869636988767,0.002215299870498398,0.0035960725508630276,0.004730908069959892,0.006422042611345488,0.6955956220626831
0.017578593295027492,0.017540483635359552,0.017742002583158913,0.0182698727435162,0.01895204536937257,0.0020578565521626384,0.0033658943264194396,0.004529064588789497,0.006171889497988647,0.7054539918899536
0.01778895729371617,0.01773463180589099,0.01793911309051578,0.018427427147104537,0.018995550701454762,0.002029031919445642,0.0032835008391249245,0.004369136894882847,0.005871406976654324,0.7031256556510925
0.01793659684718937,0.01784796448003861,0.018078336992891887,0.018544314469220818,0.019146242499431615,0.0020228850202114192,0.0032874201975202047,0.004428999693763833,0.005994213254301137,0.7011095285415649
0.017590056734299787,0.017517397420540932,0.017627632555862267,0.018072080518048938,0.018717682579912805,0.0020247566030531,0.0032912728036203053,0.004403840234723463,0.005985605029729745,0.7056457996368408
0.01715400631749822,0.017062251105584125,0.017151379627325842,0.01751455106842582,0.01807001004776647,0.0019257737746742624,0.0031202462957470966,0.004172662560958215,0.005640479020013284,0.7119813561439514
0.01686674209251519,0.016788862205000334,0.01697493626946403,0.01738328987392046,0.017898222531682703,0.001908869859361921,0.0030923528591751733,0.004190689200655588,0.0057371408598477485,0.7158933877944946
0.017092196891705196,0.016969199743001692,0.017094616617967365,0.01752346619883532,0.018167895054624926,0.0020767030398792,0.0034494294499557827,0.004546270803398182,0.00612604238032814,0.7128996253013611
0.016045356770196268,0.015899556548765268,0.016018005328312997,0.016415208177540892,0.016978757916599193,0.0019271640615257364,0.003143606464608863,0.004129544666577731,0.005536969190323224,0.7272635698318481
0.016138039028612515,0.01609133758772445,0.016312913408362738,0.016728376438941366,0.017212684426496747,0.0018250512269635995,0.0029826400981795404,0.0040319816845278906,0.00554325805616475,0.7262678146362305
0.016056912420417672,0.016010499248902004,0.016174354700631992,0.016578297311019514,0.017061457819034977,0.0019073842483903131,0.003125414838113131,0.004217692110086641,0.005817636912588471,0.7272650003433228
0.016358842702722677,0.016226253251955713,0.016343801442573788,0.01670841853665088,0.017178099962972825,0.0018490695367036488,0.0030569996840010085,0.004223748525824919,0.005784367286269704,0.7232303619384766
0.015612677020090882,0.015536270665145048,0.015683121668795746,0.0160441641765897,0.016609712123310052,0.0018578476788255797,0.0030937676383082265,0.004254325175337414,0.00571393391858506,0.733530580997467
0.015668315332262747,0.015599893225777534,0.015776012944037555,0.01614542564837843,0.016710006641925023,0.001802111840656688,0.0029587828784540136,0.003994258035535133,0.005440862133337926,0.7328481078147888
0.015093628347160356,0.015045995353370584,0.015257591231455725,0.015609274908740034,0.016110742705002908,0.0017884133636490791,0.0029872066131041894,0.004038042146011546,0.005495353416609828,0.7413178086280823
0.014948937651370802,0.01488022499227075,0.01503953852400344,0.015427760469416777,0.01596698607568459,0.0018264134977793983,0.0030381421193039866,0.004052204377849096,0.005454228990661201,0.7431676983833313
0.01469044365309259,0.014515522326673231,0.014708672740286397,0.015101394796323392,0.015555327207410848,0.0017889979337993008,0.0029479748349116055,0.0038310942385265585,0.00512693224034162,0.7470683455467224
0.015350874883913866,0.015246693846038592,0.01542866259052228,0.015841651838072526,0.016398030773846693,0.001854914667395254,0.003066533533055135,0.003995124293210846,0.005406522717807562,0.737766444683075
0.014763705071903045,0.014723565649761948,0.014900526252164635,0.01528474370077733,0.015767670927509185,0.001808123368900069,0.0029379494878793914,0.0038206494508451353,0.005227532034980193,0.7459895610809326
0.014680522874558484,0.014584072144521822,0.014729909528727813,0.015097518141071001,0.01564109493647852,0.0017734381047287775,0.0029399818515465142,0.00393728127763156,0.005310772542631434,0.7475684285163879
0.014292211502149542,0.014215775545165744,0.014480224810540676,0.014878288251898622,0.015349008613616549,0.001681323744036177,0.00279309331960175,0.0037349719449036546,0.005068694566807119,0.7531949877738953
0.014232878683395284,0.014136307552376742,0.01420982487459657,0.01455082872542002,0.014972796803841027,0.0015866897489515044,0.0026043570169838525,0.0034400938774749477,0.0046647621458897025,0.7542003393173218
0.01404614501222167,0.013988073023977459,0.014152546863882773,0.014512848329319749,0.014945639217252372,0.0015983880505025868,0.0026597901052164453,0.0035999844136137154,0.004951249011942456,0.7567676305770874
0.014248648017484655,0.01420058814748641,0.014360121080792078,0.014706898791094622,0.015159967806070082,0.0016810964800477509,0.0028096085955058377,0.0037625820290858067,0.0051070263368948815,0.7538319826126099
0.013912901973291751,0.013826480946473537,0.013956393305492658,0.014328187892353662,0.014835273296201741,0.0017608749437376216,0.002975298379678079,0.0037810459873208434,0.005003716956864121,0.7588394284248352
0.01311211049636846,0.013070487447323339,0.013194731827224455,0.01350211838801061,0.01394829052870953,0.001579744524763076,0.0026377641736099154,0.0034574451230426307,0.004572603819010559,0.770650327205658
0.013497248201841307,0.013404216076577864,0.013564607899595973,0.013899105711169141,0.014341635118809438,0.0016904392101932118,0.002839367040583203,0.003638110273788052,0.004802789574148514,0.7649523615837097
0.013586048177012833,0.013555040492886496,0.013758176697358009,0.014040348690844352,0.014472808358409712,0.001674882675801474,0.0028101331704566555,0.003739013033668681,0.005071625579148531,0.7638897895812988
0.012896991785495512,0.01292544559285205,0.013069463292917898,0.013388997654841151,0.01382969197646905,0.0015744543822121717,0.0026497806006822214,0.003553500844626337,0.00477105251172938,0.7740901708602905
0.013194775639442347,0.013084198909020552,0.013228779007750813,0.013472965577997828,0.013843006284166407,0.0015315876419966419,0.002540444449511587,0.0033573337369948945,0.00453368082181901,0.7698032855987549
0.013222741493855113,0.013163447680492555,0.013329720495128504,0.013677829606158117,0.014173047116366766,0.0016548453294421717,0.002804192048447427,0.0036079025907462003,0.004795210819030481,0.7692556977272034
0.012625979960605662,0.012589474198638751,0.012757567568652092,0.013100829436093248,0.013532869878315156,0.001619130168961341,0.00272312261644871,0.003518204197227474,0.0047357972581139815,0.7780821323394775
0.012565505851100209,0.012570625601676844,0.012786194401723083,0.013119685764033948,0.013561264161140688,0.001564497176948334,0.0026757752032129352,0.003567814649212905,0.004776782258563946,0.7791639566421509
0.012969414833732831,0.012901304269670158,0.013025461926415403,0.013286559732370478,0.013656605595862993,0.0015288951095714363,0.0025701596481745603,0.0033954804567920584,0.004590846032344846,0.773281455039978
0.012392115929434377,0.012315204427126915,0.012495104223489761,0.012765780231484803,0.013159929874843808,0.0015276375887615064,0.002551805042731826,0.0034050910898874845,0.004599157487973571,0.781746506690979
0.012149283171741552,0.01212373488051917,0.012303700129831991,0.012575100716804304,0.012978437496849926,0.0014156684109200074,0.0023689953114597066,0.0031263910869877504,0.00423618618859559,0.785635769367218
0.012236364636450045,0.012140321495231761,0.01227978737123551,0.012603552841771674,0.012990720770371857,0.0014460916726058849,0.0024912978712749736,0.003277558134868741,0.004340108506561768,0.7841448783874512
0.01202303642827657,0.011929215442749762,0.012058387610620709,0.0123415810747012,0.012829243335672605,0.0015275040190787085,0.002603632708390554,0.0034054328952865896,0.004496767080479091,0.7877787351608276
0.011972702739219512,0.011906713968323122,0.012008160783318423,0.012228258605045016,0.012622174526494678,0.001481441947411225,0.002510705832592262,0.0032513837670526836,0.004336500688085472,0.7884364724159241
0.012097814921489966,0.012019228450553391,0.01210395312838016,0.012296410247443183,0.01258890287730322,0.001409177983840627,0.0023366809942789615,0.0030208478271160073,0.0041075482118314,0.7864741683006287
0.012184117540156329,0.012197958235378547,0.012404108109573523,0.012672186017997803,0.013043741665540202,0.0015065513040509917,0.002597575301244374,0.0033671400104198727,0.004476558624876923,0.7853448390960693
0.012133586240471691,0.012074729517823266,0.012245999268626654,0.012480212625877191,0.012821832301235327,0.0013960062911713956,0.002323702768853275,0.0030375321631029408,0.004094286861839474,0.7860020399093628
0.011947793525553519,0.01190156791038731,0.012005327409634026,0.012258940716824865,0.012608850815443582,0.0014162936375566547,0.002394125145930116,0.0031117797648954775,0.004251920069838243,0.7888924479484558
0.011505123978901294,0.011435163828233877,0.01154121318932182,0.011776759459446836,0.012188990750620443,0.0013375235070544546,0.0022571379849587077,0.0029916691804124465,0.004039262396393604,0.7958583235740662
0.011246029738216631,0.011170297861099243,0.011382048939585044,0.011684289843004236,0.012066851810662336,0.0014283475090539263,0.0024799379515111127,0.0031524403170952874,0.004137792254006991,0.7997375130653381
0.011331947680602791,0.011308038467040626,0.011494225832403348,0.011690556061684444,0.012013303806945201,0.0013693729841140329,0.002359069000068371,0.00308568218112072,0.00413276557059538,0.7984772324562073
0.01134544156331529,0.011329611092405293,0.011474389052118665,0.011703371010240047,0.012078658897950444,0.0013791698278979429,0.002333946912849863,0.002998050923148791,0.004016533478974334,0.7982066869735718
0.011213488926890718,0.011164487469741094,0.01129984608300591,0.0115424435665851,0.011919294393831683,0.0013642184115866178,0.002335914982713118,0.0030879997047445467,0.004180834778854924,0.8004093766212463
0.010921434619494023,0.010928366142976027,0.011053264070983214,0.011300607794715513,0.011599733854734128,0.0013137741955698177,0.002184661832557971,0.002835483072445758,0.0038675182443913274,0.8048001527786255
0.011167035428106143,0.011153889289225942,0.011339131572474074,0.011486764877073227,0.011789876316744153,0.0013327412845526812,0.0022946419707569545,0.0029872130472413314,0.004003295544735206,0.8010486960411072
0.010923425957400312,0.010909450090219897,0.011011253060993327,0.011223125101257395,0.01153992486977449,0.0012746584571657641,0.0021729817806733073,0.002934414527869673,0.003984549588533819,0.8050718307495117
0.010925238731727805,0.01090868394221029,0.010977741671345567,0.011181371386653633,0.011532660743962694,0.0012494336302962996,0.0021313398397998303,0.0028447673270498874,0.003836482988610383,0.804848313331604
0.01067251423674245,0.010629129676168324,0.01077953678986398,0.011029291607599745,0.011357385444865432,0.001225474012029227,0.0020997591356756865,0.0027921977027329384,0.0037532918210271544,0.8088433146476746
0.010700573593938863,0.01067890374050025,0.010797506388557214,0.010986908769575499,0.011326572116744775,0.0012699894178959152,0.002247547465426627,0.0029881121390449104,0.003933451533998533,0.8085484504699707
0.010427919176397144,0.010431378809434752,0.010572758733585317,0.010787173925388244,0.011139705066158566,0.00139433904976574,0.002355411131766134,0.002962384753490007,0.003933835163792615,0.8128467798233032
0.010371023488621558,0.010356921782737137,0.010492789318724986,0.010698394559484015,0.011010939946338054,0.0012670115164671375,0.0021432330130889852,0.002784495564898656,0.0037269100737107055,0.8136405348777771
0.01022859256193843,0.010206017973682573,0.010372962552293013,0.0105886809347618,0.010943178778454181,0.001236203150393101,0.002121788803838514,0.0027806336380621437,0.0036772389505659382,0.8159186840057373
0.010239668340692598,0.01020997797729828,0.010361026371678999,0.010560458095403768,0.010860727178633855,0.001213972862329214,0.002115330050489114,0.002733945723883407,0.0036374329744527736,0.8157411813735962
0.01031353202478219,0.010270551748333438,0.010363134705731946,0.010621852621996915,0.010949175784824997,0.0012811377647042434,0.0021930130333789894,0.002813942192162397,0.003789218568233072,0.8147574663162231
0.009905858731438075,0.00989379433374251,0.010050282012470949,0.010252931625932776,0.010547442541968438,0.0011671681560435764,0.0020049804125622074,0.002616314084759803,0.003544652353852026,0.8212090730667114
0.009843197160510606,0.00984765149612901,0.009968967086845828,0.010140353032658178,0.010485083175202211,0.001141832184462097,0.001976255729283777,0.002572432598499681,0.0034647299157034967,0.822211742401123
0.009698745459117877,0.009744481934655097,0.009847232961766822,0.010052577317041416,0.010400210156716326,0.0011538970052585086,0.0019801320127582037,0.0025411933655500093,0.003410935459498276,0.8246076107025146
0.009649209337689544,0.009647330149046836,0.009770737550351568,0.009942601945611739,0.010223496915592302,0.0010988413868221625,0.0018963551096197579,0.002408729667114394,0.0032023280002777617,0.825372576713562
0.009477250493301819,0.009422825439082037,0.009516234269305583,0.009654421058873977,0.009917724517083937,0.0011045163270757003,0.0019087701552717756,0.00250759303584815,0.003374150936662029,0.8282135128974915
0.009710470474855874,0.009728544902416968,0.009803576810505761,0.009988803736945634,0.010300804049737992,0.0011062148003338245,0.0018952377503537524,0.002447961631821849,0.003317557896176974,0.8244336247444153
0.009879220627568743,0.009809570697446665,0.00991764522948733,0.010062846405211316,0.010351320348119223,0.0012316858603729196,0.0021338351559074173,0.002674410477661157,0.0035449979721658654,0.8217179775238037
0.009741571010841478,0.009746149467724946,0.009842478049298128,0.009972615212562584,0.010268686514508019,0.0010963848470309648,0.0019113799727331566,0.002485239705551536,0.0033241647886492875,0.8238811492919922
0.00947955371411417,0.009500637825738678,0.009639274679444811,0.00983925495717314,0.010165742112784296,0.0010854694378932797,0.0018769872227122866,0.002470128949210849,0.0033430776018048484,0.8281563520431519
0.009305926951109081,0.00929750546672812,0.009395549579533518,0.009560742620779302,0.009866620338852368,0.0010844503243964527,0.0018324390684645022,0.0023356946122642325,0.003140312847330846,0.8309480547904968
0.009236179662728182,0.009172202077924563,0.009252367586257958,0.00940521170074741,0.009663525007424815,0.0010831680140077507,0.0018758323676984316,0.002365226346638895,0.0030962859670962055,0.8320038318634033
0.009380759481060248,0.009347284898682627,0.009428538036562743,0.009609188113401654,0.009842750130681902,0.0010606213773210202,0.0018238731101655992,0.00237625355391653,0.0031629127139846482,0.8297489285469055
0.009391192436939286,0.009447030693052276,0.009531538407768934,0.009721505896298475,0.009966556233183672,0.0010669902254957506,0.0018321454227070814,0.0023484890103860887,0.003173199682546559,0.8296667337417603
0.009218738910051124,0.00921478925112595,0.009429054550065468,0.009653360092191286,0.009949950331080985,0.0010534848533420554,0.001826703597250725,0.002370114972744818,0.003163369743013254,0.8323700428009033
0.009141425517017162,0.009129580145361282,0.009253130674922979,0.009410379314294426,0.009697121953571676,0.0010056138603186976,0.001766193442807723,0.0023970981917133733,0.00325413974833184,0.8336973190307617
0.009054271133756765,0.008995029184045971,0.009093392034491865,0.009249014043880085,0.009496140013378795,0.0010415291731616341,0.001825637892589614,0.002351284455207567,0.003094796093821686,0.8351697325706482
0.009397658479389965,0.009371165922212025,0.009476675892308835,0.009670413084208004,0.009929871482033562,0.0010531482334318822,0.0018566635585019506,0.002404658764760981,0.0032083186401074292,0.8295401334762573
0.008669090572424152,0.008683761351451437,0.008768773001808953,0.00899174463464528,0.009200189162486343,0.000994015644024056,0.0017602245751467923,0.00225955537790733,0.0029856972196089324,0.8414537310600281
0.00924465141849973,0.009243411232306752,0.009301411203278969,0.009468710766003658,0.009697305323976663,0.0009964210593381958,0.0017756308198616068,0.002308254996414787,0.003066515357243598,0.832136332988739
0.008737099271828449,0.00873929693273479,0.008822081605553306,0.009000877804693675,0.009209608493913566,0.0010067693136822714,0.0017527287039825672,0.002273436948677064,0.0029942274208791474,0.8403473496437073
0.00898388056685367,0.008972078947330354,0.009050714948605145,0.009205735148361293,0.009470980349046889,0.0009985500339528806,0.001761522673581156,0.002299166985497039,0.0030176745006634345,0.8364512324333191
0.008520793985895893,0.008498323715782614,0.008574173335106142,0.008722274649327481,0.008992248460129705,0.000992086815512589,0.001703551000294586,0.002148242911414033,0.002868460148312552,0.8439294695854187
0.008789943015423192,0.008785245189022633,0.00890274123559075,0.009083015598877463,0.00933824280797634,0.001012547777199577,0.0017949611246485704,0.0022985420580352504,0.0030594324312543356,0.8395008444786072
0.008713419444017833,0.008703141778667448,0.00882272347207031,0.009015661874605764,0.009271541174741523,0.000951233304916851,0.0016786134376200617,0.0021703763682174907,0.0028767356228443885,0.8407695889472961
0.008693705297886364,0.008730744211984578,0.008843202679668384,0.009021393148609067,0.009257600337306979,0.0009820927960938342,0.0017163875670502743,0.0022273511270321507,0.0029930046519204495,0.8412216901779175
0.008893256401142446,0.008864391244627455,0.008911365798364082,0.009107661849108113,0.009381200086766033,0.0009928951165088082,0.0017316445560565078,0.002190072694042277,0.002910657848421765,0.8379455804824829
0.008717828335100285,0.008745742060484426,0.008881899908745801,0.008993844266339977,0.009245779986182848,0.0009860281121506485,0.0017273289299199498,0.002190202043982603,0.0029244815870638815,0.8407394289970398
0.008647314783546233,0.008654082914994608,0.008721736665334432,0.008876321426722952,0.009085187758569436,0.0009369234058765635,0.0016310092397234452,0.002119910178495751,0.0028679773176429413,0.8419010639190674
0.008449763244879182,0.008467025819524963,0.008601249385905523,0.008732187842089002,0.008943226048222152,0.000892155860070019,0.0015644119621845342,0.0020406999379917177,0.0027131949881872824,0.8451994061470032
0.008382118827793546,0.008362307749007659,0.008445089758043327,0.00855992665334094,0.00877858637281323,0.0009187764622100819,0.0016141750809726535,0.0020456673747669624,0.002670243655341447,0.8462731242179871
0.008258562169528456,0.008239515075680388,0.008320529554640093,0.00849441192062792,0.008707129391491092,0.000865693552724977,0.0015182899216049782,0.0019673657520944553,0.002638362490782334,0.8483511805534363
0.00806056245941148,0.008104124436936071,0.008204376435167688,0.008329554345779202,0.008561821213813239,0.0008802354080422271,0.0015303550878920222,0.0019754127534206516,0.0026426890249093694,0.8517211675643921
0.007989957788458435,0.007956144595218281,0.008011409051475986,0.008172856238220007,0.00840472904664855,0.0008045742770166247,0.001410028139900376,0.0018511227362098233,0.0024839787924241636,0.8528248071670532
0.008085223625824657,0.008067445073436985,0.008163207611169225,0.008267974771399011,0.008476879572876359,0.000848472959572269,0.001481887768022716,0.0019073732878251743,0.0025719221836576858,0.8512845635414124
0.0080384943153589,0.008034113564238112,0.008135085209443043,0.008276043064211326,0.008460757978540916,0.0008710957819505805,0.0015272326011370907,0.001937740438577709,0.0025676626922382464,0.8521173000335693
0.008160361774786505,0.00817778413133916,0.008292129643822229,0.008435794638009161,0.008692276829312886,0.0009017683977451456,0.0015941112507535246,0.0020050851212594137,0.002640324644744396,0.8499435186386108
0.008189909210208283,0.008163168365436216,0.00826863253549222,0.008371100871152776,0.008560393235936601,0.0008507752884930421,0.001472390981601371,0.001890541562530142,0.0025084396343558065,0.8495461940765381
0.007901093346737725,0.00790843098694759,0.00804708237128873,0.008178923779758073,0.008431632307067673,0.0008320895809760337,0.0014504257461897309,0.0018650836659274916,0.002512539604238124,0.8543416261672974
0.007881545842254674,0.007932108366281115,0.008066671024206825,0.008174156154235524,0.008309285982602065,0.0008615907494439393,0.0014855973159654005,0.0018400674803502937,0.002431896188476634,0.854777455329895
0.008034827678354197,0.008031071499190343,0.008139233515467695,0.00829344957826599,0.008494873270792987,0.0008772079781529003,0.0015176848811347798,0.0019916016908903275,0.002683530654257504,0.8522073030471802
0.007943489353462894,0.007966748258519557,0.008028217015527589,0.00822646239952695,0.008445711896544503,0.0008485058788210154,0.0015016313071452801,0.0019516863331939744,0.0025994171218205525,0.8537108898162842
0.007839969434444942,0.007810578160789064,0.007912959147404919,0.008060030288673857,0.008243608428666028,0.0008443631394515915,0.001490278418616502,0.0019021634943783283,0.002569327386276376,0.8554368615150452
0.007921030244199179,0.007973116341858141,0.00809297890913102,0.008198804998149475,0.008347197415767818,0.0008705175489247326,0.0015278527205209098,0.001898318964747652,0.002535361225806898,0.8541468381881714
0.00776134414337976,0.007794774502956419,0.00786531672522586,0.008028388739393284,0.008236485658594037,0.0008241740551086202,0.001479303550666138,0.001900973639661266,0.0025164605048234746,0.8567934632301331
0.007917406588232005,0.00792085076932625,0.007954256679181771,0.008075220244986716,0.008287516087093341,0.0007795537947126294,0.0013917135763212398,0.0018190614683854004,0.0024073183453912216,0.8542232513427734
0.0074612758052285,0.007492303087185788,0.007582927398103219,0.0077207291358581155,0.00790320897114373,0.000758767122983612,0.0013478693792656545,0.0017541938909499716,0.002329270077508784,0.861789882183075
0.007610741602156752,0.007578385032473072,0.007672392953467625,0.007809518891516873,0.008006570540288444,0.0007606084516111721,0.0013540854266974876,0.0017592762283960817,0.0023417917345600423,0.8593378663063049
0.0074587545998554714,0.007445312025005459,0.007519362294065055,0.007598178275930945,0.007785996161801841,0.0007146544809583374,0.001263864493618409,0.001660786376344741,0.002236419654030713,0.8618943691253662
0.007282292530421288,0.007298952183856439,0.007377323063631211,0.007501460166187376,0.00768618892017071,0.0007079907771830838,0.0012628932487249614,0.0016394902699156315,0.0021535731308783093,0.8648382425308228
0.007526430782050856,0.007529092712267753,0.007579970443921704,0.007759541753799685,0.008002587428857242,0.0007551066297036346,0.001357763646400824,0.0017430230697256424,0.0023107153966882696,0.8607277274131775
0.007554544736781428,0.007564439298084346,0.007662259232533234,0.00782849813901609,0.007978517852563372,0.0007561693119475998,0.0013580319173734194,0.0017683260150313858,0.0023494505058092776,0.8603824973106384
0.007581788085160717,0.007604966060288491,0.0076311462038066435,0.00771297610074442,0.007895263843238354,0.0007201395928859711,0.001287823270065009,0.001691863976008389,0.002271970899234856,0.8598219156265259
0.0075137533587954376,0.007557139141104554,0.007709894614714769,0.007854197685035967,0.008092151489108801,0.0007693189163742366,0.0013726687244069512,0.0017525520981840229,0.00232596821477136,0.8609957695007324
0.007465607181231501,0.0074820053283004995,0.00757299780705443,0.0076839492746418525,0.00784412584197457,0.0007754699815244924,0.0013712766863185392,0.0017079731589683923,0.0022288136039009337,0.8617944121360779
0.00757747551586519,0.00762242615543386,0.007734763556190075,0.007886077317419232,0.008066697937426388,0.0007351607870390659,0.0013324396862518242,0.0017349290528825374,0.0022833478243981476,0.8599147796630859
0.007198394907097663,0.007181020128110083,0.007251267416542897,0.0073609171355123165,0.007499009541045594,0.0007024234397366883,0.0012513819120583995,0.0016045843974577003,0.0021075414260849357,0.8664352893829346
0.007119166669786297,0.007143974709775179,0.007158759450640088,0.007223757344388192,0.007356232067229607,0.0006861928944295693,0.0012336212025094097,0.0015714458197415356,0.002079955998167235,0.8677545189857483
0.007362914156489154,0.007372274944779053,0.007445500883203681,0.00758868156962337,0.007757951190034228,0.0006567987379297534,0.0011948020884677047,0.0016006858210750325,0.0021606015770005123,0.8637446761131287
0.007353426633222449,0.007354567278056375,0.007440554553903239,0.007609535404230638,0.00779642848177783,0.0007449983849480588,0.0013343397457833573,0.0016947539913798532,0.002263168732996189,0.863757312297821
0.007165383762850236,0.007203029443620033,0.007316802157669939,0.007483365895446911,0.007652581258807131,0.0007211478240537627,0.0013074000774111639,0.001633085455665345,0.002155873399998953,0.8669309616088867
0.007106522223361398,0.007117678942058676,0.007204241569965116,0.0072900707212587195,0.007442589824198074,0.0006990720172442736,0.0012801455756929773,0.0016674042506624133,0.0022079125785278856,0.8679165840148926
0.007328420607072692,0.007357418732417207,0.007415677015219004,0.007543239366984175,0.007775653704440081,0.0006923107624364396,0.001262171215237549,0.0016128182128292098,0.002108922488586877,0.8641113638877869
0.007048477138322528,0.007029168192617675,0.007092259488799559,0.007198882254181049,0.007358240614575084,0.000673939524624016,0.001211316034358035,0.0015355395553733713,0.0020414049128791496,0.8689370155334473
0.007000352291049817,0.006998825252496748,0.007054034104791059,0.007155106683331792,0.007316261620050476,0.0006226193296262414,0.001126173713434768,0.001467954366147438,0.0019403554459092437,0.8697414398193359
0.0071492072405113325,0.0071469557181160935,0.007218736384104016,0.00734833211848332,0.007522415845424578,0.0006771164167652368,0.0012310019529034053,0.0015961275891631201,0.0020985670077304044,0.8672991394996643
0.007027844698118266,0.007066069291003289,0.007160818840186762,0.007280762712921827,0.007468919104505931,0.0006594156955308731,0.0011973382093973697,0.0015538557612847898,0.0020616880958519313,0.8692914843559265
0.007121903105809163,0.007144832367738409,0.0072277276326091055,0.007342276143370777,0.007494082323886374,0.0006790159392841561,0.0012286330600799892,0.001580500156588612,0.00207788193027579,0.8677614331245422
0.007023247724939738,0.007055875985452565,0.007122003873910314,0.007238103777811092,0.007407917480875728,0.0006579722118844349,0.001172410920687941,0.0015014423425459573,0.001978326407361335,0.8693366646766663
0.006943065833340409,0.006940491297232208,0.007060323871912495,0.007152642248578931,0.007332226852335597,0.0006394974564412428,0.0011255184510192003,0.0014459913689142433,0.0019318803979624663,0.8708025217056274
0.006814918500841946,0.006824434809987584,0.006950660693829739,0.007086732695179601,0.007263804114954446,0.0006241993834665145,0.0011239415735647242,0.0014333688035627367,0.0019116017238927944,0.8729169964790344
0.007003708672459408,0.00702103471723936,0.0070962620979195,0.007214477085458335,0.007371031934575689,0.0006035410208247041,0.001088887075042372,0.0014114177895970241,0.0018649173434823751,0.8696750998497009
0.006716330135141009,0.006737033395917826,0.006789221989131102,0.006888262712226439,0.007027163030078975,0.0005807332824089474,0.0010418578286364834,0.0013766678898865657,0.0018795907850407303,0.8746649026870728
0.006760958497041976,0.006757220678952753,0.0068255627017107705,0.006949270840093333,0.007111305521140175,0.0006371746440568278,0.00113472792254861,0.0014595965196388544,0.001944006040131533,0.8739637136459351
0.006641536750780639,0.006661603462591928,0.00669623661025237,0.006820497448526083,0.006974546118609367,0.0005823949042717696,0.0010497148507975682,0.0013812651584846198,0.001825621946194079,0.876002311706543
0.006851064281598214,0.006833430835276201,0.006894665144343851,0.006952899608320446,0.007120280416421993,0.0005910986951822715,0.0010745605179709532,0.0014059623560657905,0.001873433534857086,0.872338593006134
0.00665129263014082,0.00669835333622271,0.006719110884092828,0.0068080382001015445,0.006985395866376098,0.0006117270270522724,0.001109439141732911,0.0014250929722742689,0.0018780176172293322,0.8757914304733276
0.0066249800785895315,0.006639664081395954,0.0066964343310363834,0.006796695902863498,0.0069322505745516025,0.0005882170028804291,0.001083035586572062,0.00140967903538577,0.0018785225968527537,0.8763096928596497
0.006628032062723431,0.006581596459352201,0.006649162064516737,0.006716074326866737,0.006858302630804559,0.0005891754164270335,0.0010627275914885104,0.0013293998481165017,0.001763592708245,0.8762651681900024
0.006577202594608709,0.006583732662982838,0.00669561881792321,0.006806305519515468,0.00696668898566596,0.0005827249060334858,0.0010566663257377121,0.001349637657904657,0.0017825040993811462,0.8771259188652039
0.006342576135711003,0.0063328090804799266,0.006366135777845498,0.006475308033767888,0.006591879947972234,0.000539827116725025,0.000975595183184831,0.001248868465203271,0.001662061323151393,0.8811466097831726
0.006574109792509066,0.0066157092230134116,0.006670800082746052,0.006785429688671263,0.006967632710853572,0.0005906222551505291,0.0010586930075860632,0.0013321428484613857,0.001762883804027512,0.8771453499794006
0.0065579792704953946,0.00656283901183195,0.006602867942063078,0.006694126889229783,0.006834100906847305,0.0005705324001610279,0.0010215191662521852,0.0013399460911250082,0.0017877100899274792,0.8774571418762207
0.006547135801645377,0.006549883934278642,0.006609530618754766,0.006749940310074117,0.006893727592923628,0.0006249758918138762,0.0011360830613612247,0.001405914894916037,0.0018268150267421559,0.877599835395813
0.006887331349594939,0.006905592993021973,0.0070090169207223,0.007140872369129811,0.007349568359073131,0.0007448688046806442,0.0013895820242963652,0.0017291937368891894,0.0022904163261535026,0.8718251585960388
0.006645205540842907,0.006688116538909173,0.006783788172548176,0.006953528706705378,0.0071527168244844485,0.0007046840093549221,0.001274636139847859,0.0015824223074921838,0.0020693943820773593,0.8759113550186157
0.006544427780975257,0.006542145615063047,0.006595894474015441,0.006712241128327385,0.006830619487871406,0.0005571189206919723,0.0010017094418897183,0.0013232120332778781,0.0017782898522132346,0.8776456117630005
0.006407294697779161,0.0064097065778989945,0.006445613028782029,0.006536545181867256,0.006706969577178199,0.0005169202096670145,0.0009383527531979546,0.001226801194265605,0.0016514847683469936,0.8800731897354126
0.006320425008814181,0.006337934989802619,0.006386200011137032,0.006486529879952951,0.0066037831868055044,0.000519071757588135,0.0009430363393759214,0.0012177008088998576,0.001635715673347154,0.8815311193466187
0.006407050395845085,0.006456642717082975,0.006550628131115308,0.006620140425780768,0.006783403631459962,0.0005542230022500359,0.0010017201051576645,0.0012534845092143582,0.0016401283172590116,0.8800472021102905
0.006252423033959443,0.006288304269033414,0.006343459765557,0.006459459407074797,0.006572084246023047,0.0005041306850285099,0.0009113277185968654,0.001173323484122633,0.001557293622153661,0.8827502131462097
0.006196036744582397,0.0062287019675857916,0.006299410450963243,0.006373403043115651,0.006550900487890167,0.0005034023172332234,0.000914334929773524,0.001177469474984513,0.001550677400182492,0.8837336301803589
0.006409518210397613,0.006426786558241934,0.006523737123095861,0.006608177016499222,0.006742845699992231,0.0005232987350218439,0.0009592156807181015,0.001212372529690945,0.0015778615357234112,0.8799929022789001
0.00634178370037066,0.0063329324556855105,0.006401259662403214,0.006509474538747341,0.006685247614739403,0.0005240608660769598,0.000947713222284551,0.0012083448437092605,0.0016198365546021892,0.8812259435653687
0.0064903412925540116,0.006495081298854402,0.00655695995796592,0.006640190038309303,0.006764137411429998,0.0005474993580406512,0.001001677167306464,0.0012547014523998543,0.0016558760769605156,0.8786264061927795
0.0066108368637581025,0.006584693682730519,0.006635654141866071,0.00670225005997445,0.006854713008168244,0.0005597706611258208,0.0010230250710431205,0.001314455486824035,0.0017590604281874113,0.8766449093818665
0.006297086380542286,0.006317336587936327,0.006392064454254284,0.006475264892502818,0.006602921217720034,0.0004815320939361368,0.0008811413501990178,0.0011741771870943647,0.0015862584201699144,0.8819758296012878
0.006413097077760325,0.0064251271917695,0.006481503391818654,0.006560875198012719,0.0067077496749979836,0.0005289305937826954,0.0009602173081328792,0.0012498169759368545,0.0016586179582161768,0.879973292350769
0.006288776795069377,0.006318212817272832,0.006348039238883924,0.006446355578279303,0.006577541676139639,0.000507008637018722,0.0009268659294673032,0.0011945115377305336,0.0016076984860363506,0.8821530938148499
0.006203812967625356,0.006231051409036242,0.00626600629359644,0.006365168539266433,0.006493427199862336,0.00048551832385841876,0.0008803372395284955,0.0011367546676117326,0.0015112503171367672,0.8836020827293396
0.0060729321583064015,0.006091305355150853,0.006119253289114724,0.006209175252626019,0.006327358800517295,0.00046868243483796473,0.0008479125149327741,0.0010883278884394195,0.001442611475364976,0.8859115839004517
0.006085563015433088,0.006132987878655875,0.006178454410845554,0.006271646698556279,0.006374452909034106,0.0004607509159462987,0.0008549532159582101,0.0011130506454426195,0.0014535484257184208,0.885700523853302
0.0062265374587588415,0.006263666485826816,0.0063106873503295325,0.006356279901479201,0.006455787978265235,0.0004884617003206645,0.000895074780239293,0.0011543460648446794,0.0015253717347639062,0.8832140564918518
0.006106806433288961,0.006134616236092263,0.006181897139877722,0.006268573173832509,0.006389330997462234,0.00046965355517953553,0.0008615989417027962,0.0011268916010345902,0.0014998224446229557,0.885321855545044
0.006040376545961505,0.00604935125097312,0.006090399834217244,0.0061576677566414235,0.006270728865137664,0.0004621681995734933,0.0008398896528868585,0.0010734396618640712,0.0014052633796968767,0.8864878416061401
0.006105363939798648,0.0061236430430203995,0.006189545250988455,0.0062802195629125,0.006423037929800889,0.0004575766340744311,0.0008388094682877343,0.0010893755900343099,0.0014485803630543493,0.8853962421417236
0.0060309641193398225,0.0060476455386848215,0.006105884293755216,0.006170276517388961,0.006302922052801937,0.00046386072594892757,0.0008473183242453923,0.0010952388846455642,0.001443693133932288,0.886651337146759
0.006038857363564994,0.006086218050651012,0.006153397437345277,0.006248828624525378,0.006400647347853068,0.0004550432945947133,0.0008494176511322298,0.0011040621765098103,0.0014583808132096804,0.8865153789520264
0.005792163302420929,0.005819619813513371,0.0058651745709921085,0.0059591262320917784,0.006098143986716706,0.0004368627050225573,0.0008026807311101146,0.0010465330304077235,0.0014002056008765615,0.8908405900001526
0.005996429351388767,0.006036997737703464,0.006106211778817958,0.006216900032614508,0.006327854609617623,0.00047468867745020137,0.0008524190471757965,0.0010502143238510897,0.0014048232521701564,0.8872414827346802
0.006010504329316719,0.006079451912032661,0.006176927847967994,0.006238352737679917,0.006374280869720444,0.00047929597497787526,0.0008613094762568512,0.001086486611134743,0.0014493621983415177,0.8870262503623962
0.005987802275045905,0.005971969480836584,0.006020197900192392,0.006110871826568919,0.006198411026308613,0.0004387520349419285,0.0008030182028549814,0.0010319443880229867,0.0013733761114699224,0.8873871564865112
0.005925942948388476,0.005946195063491662,0.006000782072704326,0.006110719785655057,0.006236138428130778,0.00043338455068277974,0.0007957662086463183,0.0010245706521785788,0.00136002765652994,0.88847815990448
0.005939687607229077,0.00596511629360017,0.005980112995471685,0.006027416175892276,0.006141125595056882,0.0004379763102073783,0.0007951994500403363,0.0010119534444354315,0.0013482667748585984,0.8882749676704407
0.006100925006052499,0.006121611513037194,0.006153527652263962,0.006247867985318105,0.00632086971534356,0.0004387256753210339,0.0008006917421645935,0.0010306165417185635,0.0013621281406852187,0.8854812383651733
0.005894030990099074,0.005884634686373575,0.005947044204359734,0.006009634178612501,0.006099249246299908,0.0004643069630894329,0.0008497913674731809,0.00109394407337932,0.0014471684379743473,0.8890686631202698
0.005822995867860573,0.00586248736488082,0.0059426838822502605,0.006019346526152985,0.006160281162949339,0.0004429924092130355,0.0008076564108412112,0.0010427398023806433,0.0013984469509112738,0.8903148174285889
0.005981340794072997,0.0060287346432526265,0.006084534109279674,0.006160247129618481,0.006276771992004366,0.0004503278397223962,0.0008158622827801493,0.0010384039763080817,0.0013756844426645466,0.8875464797019958
0.0057560807614717435,0.0058034272584062754,0.005853601766409733,0.005905650270682189,0.00601103884338211,0.00041417033356484225,0.0007445061690754868,0.0009486359776929021,0.0012506072682338537,0.891485333442688
0.00580820930941451,0.0058371160499831685,0.005847921504849388,0.005888426916733865,0.0059726558205100795,0.0004003060701858973,0.0007295253597730671,0.0009384368757857511,0.0012404685026355168,0.8906136155128479
0.005820968623964056,0.005825516712721637,0.005903663248905251,0.005997923012542468,0.00608344906340203,0.00042619299167336554,0.0007711344458643467,0.0009836508505677263,0.0013050998220600748,0.8903922438621521
0.0057690596077791464,0.005815155093147549,0.005866923114104617,0.005936386464263803,0.006035194992618535,0.0004240744681503143,0.0007721653085462348,0.0009856661487500915,0.0012959273336755654,0.8912673592567444
0.005873681246353093,0.005898476262847262,0.0059772500547991,0.006087642368329789,0.006209400262162891,0.0004225737475965332,0.0007869641262767536,0.0010279226930491546,0.0013695233551565037,0.8894252181053162
0.005776820113501882,0.005778360976687362,0.005803970880405877,0.005907400771574948,0.006020130088893316,0.0003978324730464968,0.0007337333662034844,0.0009663429697074237,0.001284588357403634,0.8911252617835999
0.005736766658442956,0.00573858763942475,0.005777499698583157,0.005852889845408099,0.005954880708007402,0.00039059482952980424,0.0007044340881909575,0.0009218607177977921,0.0012312609256715863,0.8918353915214539
0.005990657594896132,0.006033472982185182,0.006089927082861303,0.006144221311294904,0.006258750169147407,0.0004353419056422608,0.0007982179904306528,0.0010175211605445672,0.0013690132495035889,0.8874034285545349
0.005672230905983397,0.005680603886483818,0.005740382503317569,0.0058191515385143215,0.005926719355967737,0.0004059394877228726,0.0007425079532768778,0.0009505396554877441,0.001254425510533795,0.8929716348648071
0.005675931330970539,0.0056926355577043945,0.005744475560883681,0.005824040000637372,0.005917947303744093,0.0003947775478609988,0.0007224910234111131,0.000907803950105263,0.0011951995723109732,0.892966628074646
0.005843273364007473,0.005865055632086531,0.005919275369735495,0.006007910205391786,0.006151701754299543,0.0004216785391201816,0.000773922852565965,0.0009820776545913308,0.0012885415763844565,0.8899849653244019
0.005833388020795199,0.005855506140818839,0.005891325798446452,0.005976677226323274,0.006084519463481122,0.000416965550249843,0.0007587583311232588,0.0009618186897608222,0.0012498681323342426,0.8901539444923401
0.005590573348785921,0.005616250012310282,0.005667498825939112,0.005733823308580985,0.0058626724577318596,0.0004080345698316852,0.0007433918910601767,0.0009483893136543933,0.0012459101403252252,0.8944376707077026
0.005738610136372748,0.005766035327988286,0.005816586510909181,0.005883246985694734,0.005971139877714137,0.0003983867548716565,0.0007319926948947532,0.0009361409603477886,0.0012515566489529064,0.8919004201889038
0.005601095796753002,0.005624171051006484,0.005672162463788384,0.005736513934548824,0.005852136831049637,0.00039266992763425875,0.0007110822799375221,0.0009063405851002342,0.001195512399057387,0.8942446112632751
0.00566677425196895,0.005713454993461729,0.005773067995104739,0.0058616429407109495,0.005973923801174087,0.00044100701412115925,0.000800149930861368,0.0010355414593622328,0.0013879843116287262,0.8931471109390259
0.005832717874117436,0.005855744884860131,0.005940932650319351,0.0060092248823694,0.006124896463006735,0.0004198534210132415,0.0007467436233675608,0.0009563657034549021,0.0012760520537173556,0.8902180194854736
0.005665941604523248,0.005681119308436429,0.005729501516187703,0.005816597651730301,0.005951032212745118,0.0003877536394327919,0.0007092318558935277,0.0009135688662589077,0.0012206437369127587,0.8931072354316711
0.005506063501040141,0.005562217285235723,0.005633621867145261,0.005707193105932205,0.005815241180400374,0.0003758457699610341,0.0006856015765719036,0.0008885216046755593,0.0011845977240872959,0.8959574699401855
0.00558065552945419,0.005629883408145879,0.005666677239200761,0.005759556567476642,0.005839012087553099,0.00037095528903357205,0.000687151744846575,0.0008869751341520778,0.0011722986431171496,0.8946301937103271
0.005506092136705755,0.005499197380437005,0.0055522412732644105,0.005626239278103395,0.005689042400047984,0.00036920860606265725,0.0006729648968014586,0.0008615195865101952,0.0011489291472600834,0.8959732055664062
0.005491556910177072,0.005500809935432288,0.005532836626654351,0.005588818116173629,0.0056638963700782865,0.0003522917889909799,0.0006363167288532902,0.0008318965556100011,0.0011086362571786008,0.8962044715881348
0.005442280562654618,0.0054552098285526995,0.005502330054158485,0.00554820226245029,0.005652478695797023,0.0003484162378064807,0.0006321958586653714,0.0008189486125634323,0.0010859926646795645,0.897089421749115
0.005563646870394868,0.005592856716404679,0.005625255766414827,0.005669014112803564,0.005752451727867767,0.00037211639636386466,0.0006919601069693204,0.0008966558398829113,0.0011743382783606648,0.8949214816093445
0.005555552435458027,0.0055424211176252495,0.005596312363782237,0.005684762832618529,0.005771175342341585,0.000360832155634579,0.0006594299363793545,0.0008526360415803489,0.0011429025413548595,0.8950653672218323
0.005514885859704146,0.005510481029388404,0.005561078252691415,0.005625380293255852,0.00570472596733961,0.00035179452876740643,0.0006429071153854571,0.0008367235980106778,0.00111214883790742,0.8958308100700378
0.005445412450259732,0.005469231510795252,0.005527938881348218,0.005600476136771581,0.005700170127574795,0.00033903559726182253,0.000614455312750833,0.0008092838012793612,0.001089598407708509,0.8970220685005188
0.0053500586129244295,0.005383756372236436,0.005462762499127978,0.005542233280877593,0.005626794226187211,0.0003283291993167011,0.0006109428371713367,0.00079802525860648,0.0010591247438212796,0.8987130522727966
0.005319743942950041,0.00538741748639813,0.005440898204562805,0.005516619772039434,0.005646662851695412,0.000346320801444592,0.0006231538956404053,0.0007930254101783278,0.0010570738576002098,0.8992682695388794
0.005382666554582375,0.0053944143777092295,0.005451197009934213,0.005525751790452388,0.005633890443551604,0.00033518740492973035,0.000613441450774209,0.0007827513430628085,0.001029982963221408,0.8981288075447083
0.005341037271684537,0.0053684468711576155,0.005399331871059633,0.005458877401887089,0.0055609019873763925,0.0003470940185555567,0.0006410975956798641,0.0008056737095748465,0.0010601312925999043,0.8988816738128662
0.005463399378562807,0.005484414296925709,0.005503935984746423,0.005585166745849194,0.005672646866690728,0.00034773380211454327,0.0006310101332498454,0.0008174100194767278,0.0010864618278148593,0.8967152237892151
0.0052714571757342225,0.005307885057102608,0.0053415539804645765,0.005426596134139966,0.005530273206331717,0.0003358975884639808,0.0006095492306055241,0.0007741519960985389,0.0010329765243886379,0.9001476168632507
0.005276720385037122,0.0053060154220269575,0.0053438315648705725,0.005390249698432863,0.0054760069125682435,0.0003369050350801278,0.0006286083121022951,0.0007915483119206563,0.0010432451055885884,0.9000452756881714
0.005399074936185473,0.005428520331700002,0.0054896374293152365,0.005582274323309301,0.005658548961203265,0.00033414108529737,0.0006136143610121742,0.0007816477977891042,0.0010392125977593805,0.8978421688079834
0.005490628466691061,0.005494141220165196,0.005550606046072258,0.00560796738011382,0.005705976107668492,0.000332606365836616,0.0006106361416318725,0.0008007692297049348,0.0010720924123801211,0.8962550759315491
0.005412618674698376,0.0054131684254013724,0.005436349024255109,0.005527982052655951,0.0056250024616958634,0.0003260705871657739,0.0006015752044741705,0.0007824435603544517,0.0010341272547951229,0.8976387977600098
0.005409463063403163,0.005414570751850323,0.00547256657192784,0.005531428171502006,0.005616008524372372,0.00034959719363620044,0.0006410664946381603,0.00082006543168738,0.001079931725642734,0.8976892232894897
0.005368042451840254,0.005400464674758334,0.005466480779471577,0.005523390467128446,0.0056235249835236735,0.0003221406753460366,0.0005823815005495944,0.0007346887936344951,0.000972946587529394,0.8983749151229858
0.005277271097105357,0.005300102409936728,0.005344190349381777,0.0054000406325744685,0.0054736695482686,0.0003113308592864703,0.000559192559849571,0.0007218746581084786,0.0009678399837475711,0.9000170230865479
0.005346816809227069,0.00535779173726276,0.0054233059867896055,0.005495370726191228,0.005584672318711396,0.0003238004245494883,0.00059851194057183,0.0007698826156356322,0.0010251067954325868,0.8987902402877808
0.00526156729107262,0.005303691501819318,0.005343294136666803,0.005426731636567462,0.0055249699401438875,0.00031456677430880166,0.0005677400672587977,0.0007395891639183686,0.0009836325001332067,0.9002861380577087
0.005241601312312708,0.005253533201832925,0.005285621996247961,0.005349318161406504,0.005449246830477189,0.00031095090283391375,0.0005719146277550207,0.0007250055186300268,0.0009536436415948375,0.9006868600845337
0.005288772119749938,0.005297372337951455,0.005347056624790032,0.00539562533739754,0.005494806079334149,0.00031856888459534736,0.0005815411487253763,0.0007515334917272452,0.000994079176121221,0.8998232483863831
0.00513869547034784,0.005190581058262176,0.005216709358157009,0.005275872010256975,0.0053723274820273925,0.00030672877572566993,0.0005738900408589391,0.0007404960981089502,0.0009662434971961443,0.9025095701217651
0.005209574550991097,0.005234814444256406,0.005295722665245174,0.005360991113208314,0.005468278882964965,0.00028806693381905275,0.0005321114528073018,0.0007083531411524902,0.0009415579761969306,0.9012385010719299
0.005277819626073363,0.005265006114558507,0.005304499293967921,0.005343728733839848,0.005455960259242084,0.00029454826642083185,0.0005354111706237159,0.0006937760088632825,0.0009286293067709013,0.9000411629676819
0.005070211591138955,0.00510515036281719,0.005151797371405748,0.005195234236257371,0.00529032046856579,0.0002975214330006331,0.0005414296884805725,0.0007066044303017759,0.0009435687980224048,0.9037344455718994
0.005130850534725894,0.005173804784213663,0.005220147961330029,0.005276990293334889,0.00537073549123541,0.00028379191597548105,0.0005139921186617024,0.0006576268864865665,0.0008844438676161551,0.902645468711853
0.005334419338533314,0.0053411779815070734,0.005382259511539052,0.00541712160432531,0.005499308368050924,0.00029363415453718196,0.0005385834659244464,0.0006990925770663526,0.0009407465107068018,0.8990509510040283
0.005165623741284493,0.005206666676507842,0.005265071897977783,0.005317643805537173,0.005406871568211304,0.00028922627113574256,0.0005391953711432996,0.0007052162451849829,0.0009394800797435305,0.9020106196403503
0.005216848085163742,0.005252491582625656,0.005312256324755889,0.005381120514044518,0.005454230267474408,0.0002961992910469792,0.0005459202308287864,0.0006893786216174723,0.0009095118361054569,0.9011250734329224
0.005206269837955954,0.00522838328634539,0.005297273152097258,0.005358040808469698,0.005469002175114809,0.00030816599297317206,0.0005545349931219213,0.0007237098574067556,0.0009601204743688946,0.9012980461120605
0.005304388136112241,0.005328887918343146,0.005364695408691962,0.0054185474291443825,0.005510744894103658,0.00030549775144981563,0.0005593339844371483,0.0007216524362804428,0.0009681026248501674,0.8995847105979919
0.005095937314333134,0.00512510462994537,0.005161317505983896,0.005213887285521274,0.005312150204053489,0.00028167313474270525,0.0005178125625255928,0.000663299494052446,0.0008934472408396022,0.9032939076423645
0.005031958803214053,0.0050679720056954255,0.005101520262698653,0.005152290927306298,0.005225935705526862,0.0002792512117672251,0.0005050854274241995,0.0006497995214416615,0.0008616574335172371,0.9044250249862671
0.005123763850900114,0.005143011985246533,0.005168793222276113,0.005227751739483367,0.005282094837316583,0.0002794460406319128,0.0005079600640812949,0.0006533433590585026,0.0008679977837218953,0.902791440486908
0.0051413096828005645,0.0051715297334056385,0.005212101709818648,0.00530324444194795,0.005372257447571203,0.00027502776638063935,0.0005084575446177354,0.0006672139129331035,0.0008869543220968016,0.9024664163589478
0.005086474956804385,0.005167250165976183,0.005207544913695705,0.005231569976776197,0.005317956980277774,0.0002919638215536652,0.0005284804539124091,0.000674707935534678,0.0008942103470295107,0.9034841656684875
0.005042021813732322,0.005066972010598708,0.005106919239805911,0.005159911914898824,0.005257091229601252,0.0002740603175029279,0.0004969183105214309,0.0006285592230157026,0.000836072348794269,0.9042503833770752
0.005029033834455154,0.005072915956618324,0.005093818931009179,0.0051781225709184526,0.0052859979651628,0.0002771110137140939,0.0004991786326006335,0.0006284787593739888,0.0008484565043291177,0.9044586420059204
0.0049496590139804985,0.004990914746397926,0.005036225131843039,0.0051138060598043345,0.005179996126561716,0.0002640587112162843,0.00048713397856811765,0.0006318021908662812,0.00083600241573207,0.9059044718742371
0.0050139430840249345,0.005043472864374679,0.005096211248347836,0.005171787334225511,0.005237405188381672,0.0002742346353648651,0.000501174263478387,0.0006500242236671188,0.000856524760213991,0.9047627449035645
0.0050581030607704195,0.0050604843724799415,0.00512085858011438,0.005179014322297868,0.005262974469411758,0.00026526123314084466,0.0004839533946216507,0.0006329738541245862,0.0008450440107344059,0.9040057063102722
0.005075819540007781,0.005081383831879144,0.005108541613745112,0.005174970800077082,0.005290059442882256,0.00027082943853857095,0.000500579794896366,0.000647075128771605,0.0008535763562997423,0.9036787152290344
0.004947648438755223,0.004983340630367879,0.005032481310228186,0.005072455387562513,0.005140876432540276,0.0002507966045247671,0.0004608257397037921,0.0005863402210932064,0.0007729144486528571,0.9059579372406006
0.005078822384358093,0.005117647309777557,0.005137548351319888,0.005225150615617793,0.005321110158117228,0.0002650510121051783,0.0004888150311495749,0.000622081689872048,0.0008335940393378898,0.9036311507225037
0.004924895872752513,0.0049401468707508936,0.004988642254223426,0.005068081200763744,0.005162606436398721,0.0002635949878372572,0.0004830224932702158,0.0006201489013619721,0.0008236592709367234,0.906356155872345
0.005039575194279032,0.005076904723580967,0.005109698168673022,0.005177244496461685,0.005279088145001761,0.00027135431438544266,0.0004923797690720167,0.0006253805220557717,0.0008360882595141408,0.904310405254364
0.005079537229512328,0.005113676876350436,0.00514750324329862,0.005223404355747726,0.0053179498501522565,0.0002639735848592815,0.00048158812788515404,0.0006279830363333746,0.000840471411544469,0.9035776853561401
0.004987198233564374,0.004982636370245487,0.004998109518720578,0.005035469268438637,0.0051268219987871825,0.0002504197812716787,0.0004499344485661676,0.0005949510734588389,0.0008007721607423117,0.9052329659461975
0.005010897639177499,0.005033107714787606,0.005065773082997209,0.005160918574459771,0.005257725950971406,0.00024747513863633596,0.0004505124296717626,0.0005973662598364015,0.0007965597242707767,0.9048121571540833
0.005127923513051643,0.0051430618760967125,0.005190023621644384,0.005244896722136325,0.005327726509021495,0.0002688329644320953,0.0004899472158442262,0.0006399172325668636,0.0008566015398740689,0.9027559757232666
0.00490817623413218,0.004910302738989553,0.004940994364279572,0.004980895603175765,0.005043188600690775,0.00023593839260459105,0.00043625536315914206,0.0005724209683736967,0.0007726560010054019,0.9066502451896667
0.0050971048022870735,0.005106870936209797,0.005137177699956522,0.005228892539537722,0.005297259682969701,0.00025213831191962604,0.00046013003297811075,0.000593346572400982,0.0007808432346009599,0.9032731652259827
0.004877437191504625,0.004903632005856883,0.004930793292700283,0.004999974452119361,0.005072803326672123,0.00024420434705442397,0.0004485865675603911,0.0005789172950811604,0.0007781158220173131,0.9072149991989136
0.004916004215677579,0.004939198078367338,0.004971308643699333,0.005030658837127429,0.005107824375192004,0.0002324273246490667,0.00041306154334276753,0.0005463821452326311,0.0007430428272283446,0.9065161943435669
